Store Name,State,City,Order No.,Invoice No.,SKU Id,mobileModel,Quantity,name,mobile1,Customer Mail id,Customer GSTIN No.,Customer PAN No.,purchaseDate,price,Payment Type,Order Status,Promo Code
SONAR BANGLA SHOPPING COMPLEX,West Bengal,,SA1208332128288213,S290439112000187,28323,Redmi Earphones Blue,1,SANTANU,7001853127,SANTANUCHAKRABORTY813@GMAIL.COM,,,30-11-20 19:36,399,Cash,Completed,
SONAR BANGLA SHOPPING COMPLEX,West Bengal,,SA1208332116061015,S290439112000186,23794,Mi 2A Fast Charger with Cable Black,1,BIPLAB JANA,9800444986,BILABJANA789@GMAIL.COM,,,30-11-20 14:29,449,Cash,Completed,
SONAR BANGLA SHOPPING COMPLEX,West Bengal,,SA1208332139411223,S290439112000185,30033,Mi TV 4A 108cm (43) Horizon Edition Grey,1,SANGRAM PATRA,9749994128,patrasangram124@gmail.com,,,30-11-20 12:17,23499,Cash,Completed,
SONAR BANGLA SHOPPING COMPLEX,West Bengal,,SA1208322127991026,S290439112000184,27379,Redmi Note 9 Pro Max Interstellar Black 6GB+64GB,1,SANJOY MAITY,9775505076,sanjoymaity760@gmail.com,,,30-11-20 10:59,16999,bajajFinserv,Completed,
SONAR BANGLA SHOPPING COMPLEX,West Bengal,,SA1208342072034029,S290439112000183,22696,India Standard Charger (2A Fast Charging) Black.,1,SWAPAN BERA,9679804478,beraswapan190393@gmail.com,,,30-11-20 9:46,548,Cash,Completed,
SONAR BANGLA SHOPPING COMPLEX,West Bengal,,SA1208302082618827,S290439112000182,27308,Redmi 8A Dual Sky White 3GB+64GB,1,KALYAN METYA,8918792011,kalyanmetya981@gmail.com,,,27-11-20 9:38,8299,Cash,Completed,
SONAR BANGLA SHOPPING COMPLEX,West Bengal,,SA1208302121344030,S290439112000181,27333,Redmi Note 9 Pro Interstellar Black 4GB+64GB,1,AB9ISAKE JANA,7797287262,janabisake1998@gmail.com,,,26-11-20 17:29,13999,Cash,Completed,
SONAR BANGLA SHOPPING COMPLEX,West Bengal,,SA1208282119101013,S290439112000180,22351,10000mAh Mi Power Bank 2i Black,1,MINAHAJ ALI,7407323613,minahajseute@gmail.com,,,26-11-20 15:04,899,Cash,Completed,
SONAR BANGLA SHOPPING COMPLEX,West Bengal,,SA1208292119802906,S290439112000179,28322,Redmi Earphones Red,1,JAHED KHAN,9832143190,sra664912@gmail.com,,,26-11-20 11:06,399,Cash,Completed,
SONAR BANGLA SHOPPING COMPLEX,West Bengal,,SA1208302121370530,S290439112000178,22351,10000mAh Mi Power Bank 2i Black,1,SK ABAIDULLA,7478188424,hossainnobi057@gmail.com,,,26-11-20 9:46,899,Cash,Completed,
SONAR BANGLA SHOPPING COMPLEX,West Bengal,,SA1208282087963432,S290439112000177,23632,Mi Water TDS Tester White,1,UNMAN JANA,6297497725,janaunman88@gmail.com,,,25-11-20 13:12,349,Cash,Completed,
SONAR BANGLA SHOPPING COMPLEX,West Bengal,,SA1208282093404915,S290439112000176,27076,Redmi SonicBass Wireless Earphones Blue,1,DEBABRATA JANA,7908882976,debabrata1995@gmail.com,,,24-11-20 18:25,1299,Cash,Completed,
SONAR BANGLA SHOPPING COMPLEX,West Bengal,,SA1208282093412815,S290439112000175,27379,Redmi Note 9 Pro Max Interstellar Black 6GB+64GB,1,RAJIB GORAI,9002762900,rajib.gorai99@gmail.com,,,24-11-20 16:54,16999,Card,Completed,
SONAR BANGLA SHOPPING COMPLEX,West Bengal,,SA1208262113264930,S290439112000174,28322,Redmi Earphones Red,1,AMIT,8670138933,avijitsamanta957@gmail.com,,,24-11-20 16:02,399,Cash,Completed,
SONAR BANGLA SHOPPING COMPLEX,West Bengal,,SA1208262094736017,S290439112000173,23964,Mi 2-in-1 USB Cable (Micro USB to Type C) 100cm Black,1,SUBRATA,9890633154,subratamagi9890@gmail.com,,,24-11-20 14:15,249,Cash,Completed,
SONAR BANGLA SHOPPING COMPLEX,West Bengal,,SA1208272090374728,S290439112000172,28321,Redmi Earphones Black,1,DIBAKAR JANA,7063083088,priyanakajana12081995@gmail.com,,,23-11-20 16:17,399,Cash,Completed,
SONAR BANGLA SHOPPING COMPLEX,West Bengal,,SA1208252056612608,S290439112000171,21025,Mi Micro USB Braided Cable 100cm(Black),1,MILAN SAMI,9332489760,milansami1997@gmail.com,,,22-11-20 10:41,249,AmazonPay,Completed,
SONAR BANGLA SHOPPING COMPLEX,West Bengal,,SA1208242006328321,S290439112000170,25657,Mi Braided USB Type-C Cable Red,1,SAHUL DAS,8768190502,sahuldas266@gmail.com,,,22-11-20 10:32,299,AmazonPay,Completed,
SONAR BANGLA SHOPPING COMPLEX,West Bengal,,SA1208252056094915,S290439112000169,28323,Redmi Earphones Blue,1,BIU DAS,8337046744,biudas1234@gmail.com,,,21-11-20 18:24,399,Cash,Completed,
SONAR BANGLA SHOPPING COMPLEX,West Bengal,,SA1208252056368313,,28323,Redmi Earphones Blue,1,BIU DAS,8337046744,biudas1234@gmail.com,,,21-11-20 18:24,399,Wallet,Closed,
SONAR BANGLA SHOPPING COMPLEX,West Bengal,,SA1208242089278324,S290439112000168,22697,India Standard Adapter (Qualcomm QC 3.0 certified),1,KARTIK ADAK,9749369736,kartikadak2019@gmail.com,,,21-11-20 17:23,449,Cash,Completed,
SONAR BANGLA SHOPPING COMPLEX,West Bengal,,SA1208262094842717,S290439112000167,28356,Mi USB Type C Cable Black,1,sharier,7478125657,rahamansharier@gmail.com,,,21-11-20 16:50,199,Cash,Completed,
SONAR BANGLA SHOPPING COMPLEX,West Bengal,,SA1208242112781420,S290439112000166,28323,Redmi Earphones Blue,1,SK SAJID,8972111368,SAJIDALI8972111@GMAIL.COM,,,21-11-20 14:44,399,Cash,Completed,
SONAR BANGLA SHOPPING COMPLEX,West Bengal,,SA1208242112549825,S290439112000165,26969,Redmi 8A Dual Sea Blue 3GB+32GB,1,KRISHNA DHARA,7359936416,kdhara260@gmail.com,,,20-11-20 16:25,8299,Cash,Completed,
SONAR BANGLA SHOPPING COMPLEX,West Bengal,,SA1208242089070314,S290439112000164,22697,India Standard Adapter (Qualcomm QC 3.0 certified),1,SANTANANU GIRI,7477825346,girisanu1990@gmail.com,,,20-11-20 11:37,648,Cash,Completed,
SONAR BANGLA SHOPPING COMPLEX,West Bengal,,SA1208222006752323,S290439112000163,25657,Mi Braided USB Type-C Cable Red,1,AMIR,9064330761,amir@gmail.com,,,19-11-20 20:00,299,Cash,Completed,
SONAR BANGLA SHOPPING COMPLEX,West Bengal,,SA1208232112086830,S290439112000162,27319,Mi Beard Trimmer 1C Black,1,SK ASIF ISHLAM,7586868176,iasif022@gmail.com,,,19-11-20 11:08,999,Cash,Completed,
SONAR BANGLA SHOPPING COMPLEX,West Bengal,,SA1208212114351001,S290439112000161,28809,Mi Athleisure Shoe UK 9 Blue,1,SUSAMAN BERA,6296639194,susamanbera1999@gmail.com,,,18-11-20 14:25,4997,Cash,Completed,
SONAR BANGLA SHOPPING COMPLEX,West Bengal,,SA1208222006152818,S290439112000160,26969,Redmi 8A Dual Sea Blue 3GB+32GB,1,DEBASISH ROY,9851706015,roydeba754@gmail.com,,,18-11-20 11:29,8299,Cash,Completed,
SONAR BANGLA SHOPPING COMPLEX,West Bengal,,SA1208222108369513,S290439112000159,26886,Mi Protective Glass (Redmi Note 8) Clear,1,SOUMAN,7407515780,SOUMAN@GMAIL.COM,,,17-11-20 20:33,349,Cash,Completed,
SONAR BANGLA SHOPPING COMPLEX,West Bengal,,SA1208212135805112,S290439112000158,28945,Redmi 9A Nature Green 3GB+32GB,1,ashok pal,9800312054,ashokpal1976@gmail.com,,,16-11-20 21:25,7499,Cash,Completed,
SONAR BANGLA SHOPPING COMPLEX,West Bengal,,SA1208212006552412,S290439112000157,24502,Mi Smart Water Purifier White,1,PRITAM DAS,7001233049,dasp4025@gmail.com,,,16-11-20 21:17,10999,Cash,Completed,
SONAR BANGLA SHOPPING COMPLEX,West Bengal,,SA1208212078092516,S290439112000156,26966,Redmi 8A Dual Sky White 2GB+32GB,1,mousumi jana,8527819872,mousumijanajana@gmail.com,,,16-11-20 20:28,6999,Cash,Completed,
SONAR BANGLA SHOPPING COMPLEX,West Bengal,,SA1208212135284502,S290439112000155,26966,Redmi 8A Dual Sky White 2GB+32GB,1,SANDIPAN DAS,8210496742,sabdydas@gmail.com,,,16-11-20 20:27,6999,Cash,Completed,
SONAR BANGLA SHOPPING COMPLEX,West Bengal,,SA1208212078370217,S290439112000154,26966,Redmi 8A Dual Sky White 2GB+32GB,1,ankan metla,9348912650,ankanmetla@gmail.com,,,16-11-20 20:26,6999,Cash,Completed,
SONAR BANGLA SHOPPING COMPLEX,West Bengal,,SA1208202104630809,S290439112000153,26966,Redmi 8A Dual Sky White 2GB+32GB,1,prabal panja,6294701759,prabalpanja@gmail.com,,,16-11-20 20:25,6999,Cash,Completed,
SONAR BANGLA SHOPPING COMPLEX,West Bengal,,SA1208202104227332,S290439112000152,27333,Redmi Note 9 Pro Interstellar Black 4GB+64GB,1,rani hait,9732418027,ranihait@gmail.com,,,16-11-20 20:17,12999,Cash,Completed,
SONAR BANGLA SHOPPING COMPLEX,West Bengal,,SA1208212091374631,S290439112000151,27333,Redmi Note 9 Pro Interstellar Black 4GB+64GB,1,ram senapati,772610973,senapatiram@gmail.com,,,16-11-20 20:15,12999,Cash,Completed,
SONAR BANGLA SHOPPING COMPLEX,West Bengal,,SA1208212078506306,S290439112000150,27333,Redmi Note 9 Pro Interstellar Black 4GB+64GB,1,rajat guha,8795374231,rajatguha44@gmail.com,,,16-11-20 20:13,12999,Cash,Completed,
SONAR BANGLA SHOPPING COMPLEX,West Bengal,,SA1208212135411907,S290439112000149,27333,Redmi Note 9 Pro Interstellar Black 4GB+64GB,1,rakhal mera,8436501942,rakhalmura12@gmail.com,,,16-11-20 20:12,12999,Cash,Completed,
SONAR BANGLA SHOPPING COMPLEX,West Bengal,,SA1208202121556704,S290439112000148,27333,Redmi Note 9 Pro Interstellar Black 4GB+64GB,1,kundan burman,7477850124,kundanburman1@gmail.com,,,16-11-20 20:10,12999,Cash,Completed,
SONAR BANGLA SHOPPING COMPLEX,West Bengal,,SA1208202121825924,S290439112000147,27333,Redmi Note 9 Pro Interstellar Black 4GB+64GB,1,gourav maity,9561203879,maitygourav222@gmail.com,,,16-11-20 20:08,12999,Cash,Completed,
SONAR BANGLA SHOPPING COMPLEX,West Bengal,,SA1208202118935718,S290439112000146,27308,Redmi 8A Dual Sky White 3GB+64GB,1,sanu,6569663322,sanu@gmail.com,,,16-11-20 20:04,8299,Cash,Completed,
SONAR BANGLA SHOPPING COMPLEX,West Bengal,,SA1208212006562612,S290439112000145,26966,Redmi 8A Dual Sky White 2GB+32GB,1,sonu janma,6589652365,sonu@gmail.com,,,16-11-20 20:02,6999,Cash,Completed,
SONAR BANGLA SHOPPING COMPLEX,West Bengal,,SA1208202121432427,S290439112000144,26966,Redmi 8A Dual Sky White 2GB+32GB,1,dabu jana,9695949321,dabu@gmail.com,,,16-11-20 20:01,6999,Cash,Completed,
SONAR BANGLA SHOPPING COMPLEX,West Bengal,,SA1208212114432601,S290439112000143,26966,Redmi 8A Dual Sky White 2GB+32GB,1,raju,8545474554,raju@gmail.com,,,16-11-20 20:00,6999,Cash,Completed,
SONAR BANGLA SHOPPING COMPLEX,West Bengal,,SA1208202097477032,S290439112000142,26966,Redmi 8A Dual Sky White 2GB+32GB,1,gopal,9658996541,gopal@gmail.com,,,16-11-20 19:56,6999,Cash,Completed,
SONAR BANGLA SHOPPING COMPLEX,West Bengal,,SA1208212078228129,S290439112000141,26966,Redmi 8A Dual Sky White 2GB+32GB,1,janadon,8695889658,janadon@gmail.com,,,16-11-20 19:55,6999,Cash,Completed,
SONAR BANGLA SHOPPING COMPLEX,West Bengal,,SA1208202121168020,S290439112000140,26966,Redmi 8A Dual Sky White 2GB+32GB,1,donu jana,9686956899,dhonu@gmail.com,,,16-11-20 19:54,6999,Cash,Completed,
SONAR BANGLA SHOPPING COMPLEX,West Bengal,,SA1208212006295808,S290439112000139,26966,Redmi 8A Dual Sky White 2GB+32GB,1,ghopal,8596254544,ghopal@gmail.com,,,16-11-20 19:52,6999,Cash,Completed,
SONAR BANGLA SHOPPING COMPLEX,West Bengal,,SA1208212078642431,S290439112000138,26966,Redmi 8A Dual Sky White 2GB+32GB,1,arpan,6985365247,arpan12@gmail.com,,,16-11-20 19:50,6999,Cash,Completed,
SONAR BANGLA SHOPPING COMPLEX,West Bengal,,SA1208212135552308,S290439112000137,26966,Redmi 8A Dual Sky White 2GB+32GB,1,kamal ghara,9635487221,kamalghara@gmail.com,,,16-11-20 19:39,6999,Cash,Completed,
SONAR BANGLA SHOPPING COMPLEX,West Bengal,,SA1208212006840516,S290439112000136,27073,Redmi 8A Dual Midnight Grey 2GB+32GB,1,ruhana bibi,949413357,bibiruhana@gmail.com,,,16-11-20 19:38,6999,Cash,Completed,
SONAR BANGLA SHOPPING COMPLEX,West Bengal,,SA1208202097345326,S290439112000135,27073,Redmi 8A Dual Midnight Grey 2GB+32GB,1,raja chokroborty,9547895639,rajac@gmail.com,,,16-11-20 19:37,6999,Cash,Completed,
SONAR BANGLA SHOPPING COMPLEX,West Bengal,,SA1208202097081824,S290439112000134,27073,Redmi 8A Dual Midnight Grey 2GB+32GB,1,roop kamar simai,6489502780,roopsimai@gmail.com,,,16-11-20 19:35,6999,Cash,Completed,
SONAR BANGLA SHOPPING COMPLEX,West Bengal,,SA1208212114045225,S290439112000133,27073,Redmi 8A Dual Midnight Grey 2GB+32GB,1,raju mannba,7479851234,mannaraju234@gmail.com,,,16-11-20 19:34,6999,Cash,Completed,
SONAR BANGLA SHOPPING COMPLEX,West Bengal,,SA1208202104502723,S290439112000132,27073,Redmi 8A Dual Midnight Grey 2GB+32GB,1,prakash paria,9785425179,prakah5242@gmail.com,,,16-11-20 19:33,6999,Cash,Completed,
SONAR BANGLA SHOPPING COMPLEX,West Bengal,,SA1208202118942218,S290439112000131,27073,Redmi 8A Dual Midnight Grey 2GB+32GB,1,soumitra manna,9932314155,mannasoumitra@gmail.com,,,16-11-20 19:32,6999,Cash,Completed,
SONAR BANGLA SHOPPING COMPLEX,West Bengal,,SA1208212091249506,S290439112000130,27073,Redmi 8A Dual Midnight Grey 2GB+32GB,1,RAJU MIDYA,6295952151,rajumidya@gmail.com,,,16-11-20 19:31,6999,Cash,Completed,
SONAR BANGLA SHOPPING COMPLEX,West Bengal,,SA1208202097750623,S290439112000129,27073,Redmi 8A Dual Midnight Grey 2GB+32GB,1,kalu,8972104890,kalu12@gmail.com,,,16-11-20 19:28,6999,Cash,Completed,
SONAR BANGLA SHOPPING COMPLEX,West Bengal,,SA1208202121312914,S290439112000128,26965,Redmi 8A Dual Sea Blue 2GB+32GB,1,junaid,9587485965,junaid1@gmail.com,,,16-11-20 19:23,6999,Cash,Completed,
SONAR BANGLA SHOPPING COMPLEX,West Bengal,,SA1208202118418920,S290439112000127,26965,Redmi 8A Dual Sea Blue 2GB+32GB,1,apritam,8694758477,apritam@gmail.com,,,16-11-20 19:17,6999,Cash,Completed,
SONAR BANGLA SHOPPING COMPLEX,West Bengal,,SA1208192105900922,S290439112000126,26966,Redmi 8A Dual Sky White 2GB+32GB,1,MALLESH khan,7485961425,malllesh12@gmail.com,,,16-11-20 19:14,6999,Cash,Completed,
SONAR BANGLA SHOPPING COMPLEX,West Bengal,,SA1208212006038902,S290439112000125,26965,Redmi 8A Dual Sea Blue 2GB+32GB,1,anjon,8563995454,anjon12@gmail.com,,,16-11-20 19:12,6999,Cash,Completed,
SONAR BANGLA SHOPPING COMPLEX,West Bengal,,SA1208192089889319,S290439112000124,26966,Redmi 8A Dual Sky White 2GB+32GB,1,arti jana,9685723655,arti12@gmail.com,,,16-11-20 19:08,6999,Cash,Completed,
SONAR BANGLA SHOPPING COMPLEX,West Bengal,,SA1208212078106716,S290439112000123,26966,Redmi 8A Dual Sky White 2GB+32GB,1,tapasi pal,9658742541,tapasi420@gmail.com,,,16-11-20 19:06,6999,Cash,Completed,
SONAR BANGLA SHOPPING COMPLEX,West Bengal,,SA1208212078916830,S290439112000122,26966,Redmi 8A Dual Sky White 2GB+32GB,1,arpita jana,8458745214,arpita12@gmail.com,,,16-11-20 19:02,6999,Cash,Completed,
SONAR BANGLA SHOPPING COMPLEX,West Bengal,,SA1208202121183920,S290439112000121,27308,Redmi 8A Dual Sky White 3GB+64GB,1,CHIRANJIT DEY,6201013995,cdey187@gmail.com,,,16-11-20 18:12,8299,Cash,Completed,
SONAR BANGLA SHOPPING COMPLEX,West Bengal,,SA1208212135987411,S290439112000120,29454,Redmi 9 Sky Blue 4GB+64GB,1,SUDIPTA ADHIKARY,8972449517,sudiptaadhikary83@gmail.com,,,16-11-20 16:44,8999,Cash,Completed,
SONAR BANGLA SHOPPING COMPLEX,West Bengal,,SA1208202121352514,S290439112000119,26965,Redmi 8A Dual Sea Blue 2GB+32GB,1,SILADITYA MONDAL,7047498896,biludj153@gmail.com,,,16-11-20 13:59,6999,Cash,Completed,
SONAR BANGLA SHOPPING COMPLEX,West Bengal,,SA1208202104687709,S290439112000118,27385,Redmi Note 9 Pro Max Interstellar Black 8GB+128GB,1,PRITAM DAS,7001233049,pritam5273@gmail.com,,,16-11-20 13:20,19499,Cash,Completed,
SONAR BANGLA SHOPPING COMPLEX,West Bengal,,SA1208202118462620,S290439112000117,29454,Redmi 9 Sky Blue 4GB+64GB,1,JUGAL MONDAL,8569458758,jugal@gmail.com,,,16-11-20 13:14,8999,Cash,Completed,
SONAR BANGLA SHOPPING COMPLEX,West Bengal,,SA1208212006346708,S290439112000116,29454,Redmi 9 Sky Blue 4GB+64GB,1,BABLU GHORAI,9733099758,bablu11@gmail.com,,,16-11-20 13:11,8999,Cash,Completed,
SONAR BANGLA SHOPPING COMPLEX,West Bengal,,SA1208202118597514,S290439112000115,29454,Redmi 9 Sky Blue 4GB+64GB,1,SUDHARSON DHOL,7384685705,sudharson@gmail.com,,,16-11-20 13:09,8999,Cash,Completed,
SONAR BANGLA SHOPPING COMPLEX,West Bengal,,SA1208192089552131,S290439112000114,26969,Redmi 8A Dual Sea Blue 3GB+32GB,1,AMINUL ISLAM KHAN,9775622946,aikhan733@gmail.com,,,16-11-20 10:46,7999,Cash,Completed,
SONAR BANGLA SHOPPING COMPLEX,West Bengal,,SA1208192105695219,S290439112000113,28323,Redmi Earphones Blue,1,ARABINDA DAS,9123313032,arbindadas0@gmail.com,,,16-11-20 10:22,349,Card,Completed,
SONAR BANGLA SHOPPING COMPLEX,West Bengal,,SA1208192006493312,S290439112000112,26965,Redmi 8A Dual Sea Blue 2GB+32GB,1,RUMA GHARA,8918958241,rumagharakrishna@gmai.com,,,15-11-20 17:47,13998,Cash,Completed,
SONAR BANGLA SHOPPING COMPLEX,West Bengal,,SA1208192105046706,S290439112000111,28162,Redmi Note 9 Pro Aurora Blue 4GB+128GB,1,BISWARUP MANNA,9609468236,biswarupmanna1993@gmail.com,,,15-11-20 17:34,13999,Cash,Completed,
SONAR BANGLA SHOPPING COMPLEX,West Bengal,,SA1208192006498112,S290439112000110,26966,Redmi 8A Dual Sky White 2GB+32GB,1,KAKALI DEY,9775647928,ishandey234@gmail.com,,,15-11-20 17:05,6999,Cash,Completed,
SONAR BANGLA SHOPPING COMPLEX,West Bengal,,SA1208202121920624,S290439112000109,26965,Redmi 8A Dual Sea Blue 2GB+32GB,1,ranjana dhara,8752695218,ranjanadhara123@gmail.com,,,15-11-20 16:58,6999,Cash,Completed,
SONAR BANGLA SHOPPING COMPLEX,West Bengal,,SA1208202121397314,S290439112000108,26965,Redmi 8A Dual Sea Blue 2GB+32GB,1,somasree jana,6294586419,janasomasree@gmail.com,,,15-11-20 16:55,6999,Cash,Completed,
SONAR BANGLA SHOPPING COMPLEX,West Bengal,,SA1208192058374905,S290439112000107,26965,Redmi 8A Dual Sea Blue 2GB+32GB,1,RAKHI MAITY,6235712049,maityrekha@gmail.com,,,15-11-20 16:53,6999,Cash,Completed,
SONAR BANGLA SHOPPING COMPLEX,West Bengal,,SA1208192119836713,S290439112000106,26965,Redmi 8A Dual Sea Blue 2GB+32GB,1,tufan adak,8917526490,tufan214@gmail.com,,,15-11-20 16:50,6999,Cash,Completed,
SONAR BANGLA SHOPPING COMPLEX,West Bengal,,SA1208192006225702,S290439112000105,26966,Redmi 8A Dual Sky White 2GB+32GB,1,SAJANI KHATUA,9715475394,sajanisajani@gmail.com,,,15-11-20 16:48,6999,Cash,Completed,
SONAR BANGLA SHOPPING COMPLEX,West Bengal,,SA1208182112552823,S290439112000104,26966,Redmi 8A Dual Sky White 2GB+32GB,1,payel burman,9735317520,burmanpayel@gmail.com,,,15-11-20 16:44,6999,Cash,Completed,
SONAR BANGLA SHOPPING COMPLEX,West Bengal,,SA1208192058241512,S290439112000103,26966,Redmi 8A Dual Sky White 2GB+32GB,1,Ram Barui,7879451728,rambarui@gmail.com,,,15-11-20 16:42,6999,Cash,Completed,
SONAR BANGLA SHOPPING COMPLEX,West Bengal,,SA1208192006503512,S290439112000102,21126,Mi Rollerball Pen Refill Silver,1,SUSAMAN BERA,7469043430,susamanbera1999@gmail.com,,,15-11-20 16:12,2445,Cash,Completed,
SONAR BANGLA SHOPPING COMPLEX,West Bengal,,SA1208182066200110,S290439112000101,26965,Redmi 8A Dual Sea Blue 2GB+32GB,1,PRASENJIT PATRA,9933715353,patraswarup254@gmail.com,,,14-11-20 17:54,6999,Cash,Completed,
SONAR BANGLA SHOPPING COMPLEX,West Bengal,,SA1208192006813011,S290439112000100,27308,Redmi 8A Dual Sky White 3GB+64GB,1,TARUN SINGHA,9474820360,ahalim078@gmail.com,,,14-11-20 16:56,8299,Cash,Completed,
SONAR BANGLA SHOPPING COMPLEX,West Bengal,,SA1208192006954529,S290439112000099,26969,Redmi 8A Dual Sea Blue 3GB+32GB,1,BIMAL RATH,9390066267,maityomprakash73@gmail.com,,,14-11-20 16:19,7999,Cash,Completed,
SONAR BANGLA SHOPPING COMPLEX,West Bengal,,SA1208182112495603,S290439112000098,26966,Redmi 8A Dual Sky White 2GB+32GB,1,NILIMA SARKAR,9800578529,nilusarkar@gmail.com,,,14-11-20 15:03,6999,Cash,Completed,
SONAR BANGLA SHOPPING COMPLEX,West Bengal,,SA1208192006430707,S290439112000097,26966,Redmi 8A Dual Sky White 2GB+32GB,1,manik cheterjee,7872134567,manikcheterjee@gmail.com,,,14-11-20 15:00,6999,Cash,Completed,
SONAR BANGLA SHOPPING COMPLEX,West Bengal,,SA1208182101704218,S290439112000096,26966,Redmi 8A Dual Sky White 2GB+32GB,1,REHANA BIBI,9936574297,rehanabibi@gmail.com,,,14-11-20 14:57,6999,Cash,Completed,
SONAR BANGLA SHOPPING COMPLEX,West Bengal,,SA1208192006433307,S290439112000095,26966,Redmi 8A Dual Sky White 2GB+32GB,1,SUMAN SANTRA,7872638415,santrasuman2000@gmail.com,,,14-11-20 14:41,6999,Cash,Completed,
SONAR BANGLA SHOPPING COMPLEX,West Bengal,,SA1208182095158521,S290439112000094,26966,Redmi 8A Dual Sky White 2GB+32GB,1,RUBI DAS,8918874145,rubidasdas@gmail.com,,,14-11-20 14:35,6999,Cash,Completed,
SONAR BANGLA SHOPPING COMPLEX,West Bengal,,SA1208182112498603,S290439112000093,26966,Redmi 8A Dual Sky White 2GB+32GB,1,RIYA MALAKAR,6428974127,riyamalakarruhi@gmail.com,,,14-11-20 14:24,6999,Cash,Completed,
SONAR BANGLA SHOPPING COMPLEX,West Bengal,,SA1208182101322724,S290439112000092,26966,Redmi 8A Dual Sky White 2GB+32GB,1,RAKIBUL ALI,9735359131,rkali1887@gmail.com,,,14-11-20 14:15,6999,Cash,Completed,
SONAR BANGLA SHOPPING COMPLEX,West Bengal,,SA1208172118457929,S290439112000091,28356,Mi USB Type C Cable Black,1,DEBRAJ RANA,7550828805,debrajrana566@gmail.com,,,14-11-20 11:44,199,Cash,Completed,
SONAR BANGLA SHOPPING COMPLEX,West Bengal,,SA1208182117975617,S290439112000090,30248,Redmi 9 Prime Space Blue 4GB+128GB,1,SK TANBIR AHAMMAD,8609045583,tanbirahammad370@gmail.com,,,14-11-20 10:33,10999,Cash,Completed,
SONAR BANGLA SHOPPING COMPLEX,West Bengal,,SA1208172078387009,S290439112000089,27380,Redmi Note 9 Pro Max Aurora Blue 6GB+64GB,1,BIKASH BARMAN,7478512730,maity.som11@gmail.com,,,13-11-20 20:16,15999,Cash,Completed,
SONAR BANGLA SHOPPING COMPLEX,West Bengal,,SA1208172078785813,S290439112000088,28939,Redmi 9A Sea Blue 3GB+32GB,1,BIKASH MANNA,8142679829,mannabikash@gmail.com,,,13-11-20 19:43,7499,Cash,Completed,
SONAR BANGLA SHOPPING COMPLEX,West Bengal,,SA1208172078259403,S290439112000087,28942,Redmi 9A Sea Blue 2GB+32GB,1,ANRUN BIBI,7679008251,anarunbibi@gmail.com,,,13-11-20 19:40,6799,Cash,Completed,
SONAR BANGLA SHOPPING COMPLEX,West Bengal,,SA1208172078651215,S290439112000086,28939,Redmi 9A Sea Blue 3GB+32GB,1,RANJAN GHARA,9735359457,ranjanghara@gmail.com,,,13-11-20 19:35,7499,Cash,Completed,
SONAR BANGLA SHOPPING COMPLEX,West Bengal,,SA1208172078395209,S290439112000085,28939,Redmi 9A Sea Blue 3GB+32GB,1,AKSAY KHAMRUI,9091516047,bapikhamrui.01@gmail.com,,,13-11-20 19:21,7499,Cash,Completed,
SONAR BANGLA SHOPPING COMPLEX,West Bengal,,SA1208182066004017,S290439112000084,28939,Redmi 9A Sea Blue 3GB+32GB,1,TAPASI PAL,8276508527,tapasipal1997@gmail.com,,,13-11-20 19:17,7499,Cash,Completed,
SONAR BANGLA SHOPPING COMPLEX,West Bengal,,SA1208182066938325,S290439112000083,28939,Redmi 9A Sea Blue 3GB+32GB,1,SARALA MANNA,9694517426,samnna@gmail.com,,,13-11-20 19:13,7499,Cash,Completed,
SONAR BANGLA SHOPPING COMPLEX,West Bengal,,SA1208182066941025,S290439112000082,28939,Redmi 9A Sea Blue 3GB+32GB,1,ASIT BERA,7077441263,berasit1996@gmail.com,,,13-11-20 18:52,7499,Cash,Completed,
SONAR BANGLA SHOPPING COMPLEX,West Bengal,,SA1208182066414031,S290439112000081,28939,Redmi 9A Sea Blue 3GB+32GB,1,ANJU SAMANTA,9150924156,anjuanju@gmail.com,,,13-11-20 18:46,7499,Cash,Completed,
SONAR BANGLA SHOPPING COMPLEX,West Bengal,,SA1208182073843922,S290439112000080,28939,Redmi 9A Sea Blue 3GB+32GB,1,RAVI BHOPARA,8679102847,bravi@gmail.com,,,13-11-20 18:36,7499,Cash,Completed,
SONAR BANGLA SHOPPING COMPLEX,West Bengal,,SA1208182101113420,S290439112000079,28939,Redmi 9A Sea Blue 3GB+32GB,1,bikash rana,9932025961,bikashrana2116@gmail.com,,,13-11-20 18:11,7499,Cash,Completed,
SONAR BANGLA SHOPPING COMPLEX,West Bengal,,SA1208182101251114,S290439112000078,28947,Redmi 9A Midnight Black 2GB+32GB,1,ROHIT RANJAN BANUA,6297521479,rohitdas1992@gmail.com,,,13-11-20 18:07,6799,Cash,Completed,
SONAR BANGLA SHOPPING COMPLEX,West Bengal,,SA1208182073054210,S290439112000077,28939,Redmi 9A Sea Blue 3GB+32GB,1,bapi mondal,9932313340,bapismart@gmail.com,,,13-11-20 18:01,7499,Cash,Completed,
SONAR BANGLA SHOPPING COMPLEX,West Bengal,,SA1208172089021803,S290439112000076,28947,Redmi 9A Midnight Black 2GB+32GB,1,SUJAN DALAPATI,9827845317,swetadalapati@gmail.com,,,13-11-20 17:51,6799,Cash,Completed,
SONAR BANGLA SHOPPING COMPLEX,West Bengal,,SA1208172117197707,S290439112000075,28945,Redmi 9A Nature Green 3GB+32GB,1,RAJU SAMANTA,8918958649,rajusamanta1995@gmail.com,,,13-11-20 17:37,7499,Cash,Completed,
SONAR BANGLA SHOPPING COMPLEX,West Bengal,,SA1208182101256514,S290439112000074,28947,Redmi 9A Midnight Black 2GB+32GB,1,SK IMANUL ALI,8603275914,imanulhuq1977@gmail.com,,,13-11-20 17:30,6799,Cash,Completed,
SONAR BANGLA SHOPPING COMPLEX,West Bengal,,SA1208182095097222,S290439112000073,28942,Redmi 9A Sea Blue 2GB+32GB,1,SANJU RAUL,6298754105,sanjubaba@gmail.com,,,13-11-20 17:24,6799,Cash,Completed,
SONAR BANGLA SHOPPING COMPLEX,West Bengal,,SA1208162267356004,S290439112000072,28942,Redmi 9A Sea Blue 2GB+32GB,1,RAKHI SENAPATI,7477690483,rakhisenapati.sneha@gmail.com,,,13-11-20 17:14,6799,Cash,Completed,
SONAR BANGLA SHOPPING COMPLEX,West Bengal,,SA1208182073197031,S290439112000071,28945,Redmi 9A Nature Green 3GB+32GB,1,rakhal majee,6294585884,rakhalmajeee22@gmail.com,,,13-11-20 17:06,7499,Cash,Completed,
SONAR BANGLA SHOPPING COMPLEX,West Bengal,,SA1208162257477827,S290439112000070,28947,Redmi 9A Midnight Black 2GB+32GB,1,DURONTO MUDLI,9434133549,durontomuidli1122@gmail.com,,,13-11-20 16:59,6799,Cash,Completed,
SONAR BANGLA SHOPPING COMPLEX,West Bengal,,SA1208172267769826,S290439112000069,28947,Redmi 9A Midnight Black 2GB+32GB,1,RUDRA SAHOO,8016458728,rudra.sahoo2010@gmail.com,,,13-11-20 16:40,6799,Cash,Completed,
SONAR BANGLA SHOPPING COMPLEX,West Bengal,,SA1208172118522429,S290439112000068,29762,Redmi Earbuds 2C Black,1,RIJU MAITY,7908461131,maitysuvendu630@gmail.com,,,13-11-20 16:18,1299,Cash,Completed,
SONAR BANGLA SHOPPING COMPLEX,West Bengal,,SA1208172117212307,S290439112000067,28942,Redmi 9A Sea Blue 2GB+32GB,1,AKASH MAITY,9735359141,akashmaity22@gmail.com,,,13-11-20 16:07,6799,Cash,Completed,
SONAR BANGLA SHOPPING COMPLEX,West Bengal,,SA1208172117502012,S290439112000066,29454,Redmi 9 Sky Blue 4GB+64GB,1,SUBHENDU PRADAHN,8250218196,subhendhupradhan@gmail.com,,,13-11-20 14:08,8999,Cash,Completed,
SONAR BANGLA SHOPPING COMPLEX,West Bengal,,SA1208172078846913,S290439112000065,27877,Redmi Note 9 Pebble Grey 4GB+128GB,1,RAMANANDA ROY,9064452691,biswaruproy1360@gmail.com,,,13-11-20 12:15,12999,Cash,Completed,
SONAR BANGLA SHOPPING COMPLEX,West Bengal,,SA1208172078860713,S290439112000064,29454,Redmi 9 Sky Blue 4GB+64GB,1,arati maity,8013188427,aratimaity02@gmail.com,,,12/11/2020 22:06,8999,Cash,Completed,
SONAR BANGLA SHOPPING COMPLEX,West Bengal,,SA1208172078464309,S290439112000063,29454,Redmi 9 Sky Blue 4GB+64GB,1,MINA PATTANAYEK,8918851977,pattanyaekmina1996@gmail.com,,,12/11/2020 22:00,8999,Cash,Completed,
SONAR BANGLA SHOPPING COMPLEX,West Bengal,,SA1208162224331131,S290439112000062,29454,Redmi 9 Sky Blue 4GB+64GB,1,PIYUSH MIDYA,7001233042,midyapiyush@gmail.com,,,12/11/2020 21:49,8999,Cash,Completed,
SONAR BANGLA SHOPPING COMPLEX,West Bengal,,SA1208162236733822,S290439112000061,29454,Redmi 9 Sky Blue 4GB+64GB,1,MADHU SENAPATI,8063429140,senapat.madhu0072@gmail.com,,,12/11/2020 21:42,8999,Cash,Completed,
SONAR BANGLA SHOPPING COMPLEX,West Bengal,,SA1208162224469530,S290439112000060,29454,Redmi 9 Sky Blue 4GB+64GB,1,JOY BENERJEE,9091415863,joybenerjee123@gmail.com,,,12/11/2020 21:37,8999,Cash,Completed,
SONAR BANGLA SHOPPING COMPLEX,West Bengal,,SA1208172118704116,S290439112000059,29454,Redmi 9 Sky Blue 4GB+64GB,1,TAPAS ADHIKARY,9348001457,tapasadikary342@gmail.com,,,12/11/2020 21:31,8999,Cash,Completed,
SONAR BANGLA SHOPPING COMPLEX,West Bengal,,SA1208172118705216,S290439112000058,29454,Redmi 9 Sky Blue 4GB+64GB,1,rajesh panja,7798521429,rajeshpanja1999@gamil.com,,,12/11/2020 21:25,8999,Cash,Completed,
SONAR BANGLA SHOPPING COMPLEX,West Bengal,,SA1208172118032907,S290439112000057,29454,Redmi 9 Sky Blue 4GB+64GB,1,sudip sarkar,7972178436,sudip.majumdar@gmail.com,,,12/11/2020 21:20,8999,Cash,Completed,
SONAR BANGLA SHOPPING COMPLEX,West Bengal,,SA1208162224871321,S290439112000056,30613,Redmi 9 Sky Blue 4GB+64GB,1,jayanta bhunia,8348003264,jayantab14@gmail.com,,,12/11/2020 21:16,8999,Cash,Completed,
SONAR BANGLA SHOPPING COMPLEX,West Bengal,,SA1208172078200132,S290439112000055,29454,Redmi 9 Sky Blue 4GB+64GB,1,RAKHI MANNA,8016254479,mannarakhi02@gmail.com,,,12/11/2020 21:10,8999,Cash,Completed,
SONAR BANGLA SHOPPING COMPLEX,West Bengal,,SA1208162224481530,S290439112000054,27380,Redmi Note 9 Pro Max Aurora Blue 6GB+64GB,1,PRASENJIT MAITY,9136808041,prasenjitmaity9136@gmail.com,,,12/11/2020 20:17,15999,Cash,Completed,
SONAR BANGLA SHOPPING COMPLEX,West Bengal,,SA1208152124146712,S290439112000053,28942,Redmi 9A Sea Blue 2GB+32GB,1,RADHAMADHAV DAS,9932458213,radhamadhavdas@gmail.com,,,12/11/2020 19:19,6799,Cash,Completed,
SONAR BANGLA SHOPPING COMPLEX,West Bengal,,SA1208172117143008,S290439112000052,26965,Redmi 8A Dual Sea Blue 2GB+32GB,1,raju sinha,9738447512,rajusinha@gmail.com,,,12/11/2020 19:09,6999,Cash,Completed,
SONAR BANGLA SHOPPING COMPLEX,West Bengal,,SA1208162124963710,S290439112000051,26966,Redmi 8A Dual Sky White 2GB+32GB,1,KESHAB MONDAL,977509768,keshabmondal@gmail.com,,,12/11/2020 18:47,6999,Cash,Completed,
SONAR BANGLA SHOPPING COMPLEX,West Bengal,,SA1208162130568506,S290439112000050,26965,Redmi 8A Dual Sea Blue 2GB+32GB,1,RAM ADS,8670678428,ramdas@gmail.com,,,12/11/2020 18:23,6999,Cash,Completed,
SONAR BANGLA SHOPPING COMPLEX,West Bengal,,SA1208162236902720,S290439112000049,26965,Redmi 8A Dual Sea Blue 2GB+32GB,1,SK SANUR ALI,8167490724,sksanurali@gmail.com,,,12/11/2020 18:17,6999,Cash,Completed,
SONAR BANGLA SHOPPING COMPLEX,West Bengal,,SA1208152078612308,S290439112000048,28942,Redmi 9A Sea Blue 2GB+32GB,1,SUPRIYA MAITY PANJASUPRIYA KUMAR MAITY,8170825747,supriyamaity@gmail.com,,,12/11/2020 18:06,6799,Cash,Completed,
SONAR BANGLA SHOPPING COMPLEX,West Bengal,,SA1208162236907420,S290439112000047,25636,Mi USB Cable 120cm Black.,1,SAYAN BERA,8116748272,sayannimtala@gmail.com,,,12/11/2020 17:46,648,Cash,Completed,
SONAR BANGLA SHOPPING COMPLEX,West Bengal,,SA1208152078888612,S290439112000046,26965,Redmi 8A Dual Sea Blue 2GB+32GB,1,PRADIP MAITY,758520892,pradipmaity@gmail.com,,,12/11/2020 17:40,6999,Cash,Completed,
SONAR BANGLA SHOPPING COMPLEX,West Bengal,,SA1208152078107503,S290439112000045,30031,Mi TV 4A 80cm (32) Horizon Edition Grey,1,SUBHANKAR PATRA,9733592451,subhankarpatra935@gmail.com,,,12/11/2020 10:14,13999,Cash,Completed,
SONAR BANGLA SHOPPING COMPLEX,West Bengal,,SA1208152078396313,S290439112000044,29762,Redmi Earbuds 2C Black,1,CHANDI BERA,7718457495,CHANDIBERA@GMAIL.COM,,,11/11/2020 20:39,1299,Cash,Completed,
SONAR BANGLA SHOPPING COMPLEX,West Bengal,,SA1208152124518505,S290439112000043,27319,Mi Beard Trimmer 1C Black,1,SYAN PATRA,6294681733,sayanpatra721@gmail.com,,,11/11/2020 11:56,999,Cash,Completed,
SONAR BANGLA SHOPPING COMPLEX,West Bengal,,SA1208152108910009,S290439112000042,25083,Mi Dual Driver In-ear Earphones Blue,1,SUSAMAN BERA,9433717593,susamanbera1999@gmail.com,,,11/11/2020 11:50,799,Cash,Completed,
SONAR BANGLA SHOPPING COMPLEX,West Bengal,,SA1208152077330132,S290439112000041,17062,Mi Rollerball Pen White,1,SUSAMAN BERA,9433717593,susamanbera1999@gmail.com,,,11/11/2020 11:36,895,Cash,Completed,
SONAR BANGLA SHOPPING COMPLEX,West Bengal,,SA1208142068175230,S290439112000040,26966,Redmi 8A Dual Sky White 2GB+32GB,1,PRANAY SAHU,8670124138,sizareo@gmail.com,,,11/11/2020 10:25,6999,Cash,Completed,
SONAR BANGLA SHOPPING COMPLEX,West Bengal,,SA1208142068858027,S290439112000039,21059,Mi Router 4C White,1,BAPI MONDAL,9732936609,bapimondal@gmail.com,,,10/11/2020 20:15,999,Cash,Completed,
SONAR BANGLA SHOPPING COMPLEX,West Bengal,,SA1208142068575001,S290439112000038,27335,Redmi Note 9 Pro Glacier White 4GB+64GB,1,AVIJIT PATRA,9153632266,mordanmobile@gmail.com,,,10/11/2020 20:11,12999,Cash,Completed,
SONAR BANGLA SHOPPING COMPLEX,West Bengal,,SA1208132067532716,S290439112000037,21059,Mi Router 4C White,1,PRITAM DAS,7001233049,dasp4025@gmail.com,,,10/11/2020 19:58,999,Cash,Completed,
SONAR BANGLA SHOPPING COMPLEX,West Bengal,,SA1208142068054831,S290439112000036,28322,Redmi Earphones Red,1,RABINDRANATH MALAKAR,9046621947,rabimalakar05@gmail.com,,,10/11/2020 19:16,399,Cash,Completed,
SONAR BANGLA SHOPPING COMPLEX,West Bengal,,SA1208152077484803,S290439112000035,28323,Redmi Earphones Blue,1,SANJAY BARMAN,7047593827,sanjaybarman2519@gmail.com,,,10/11/2020 18:12,399,Cash,Completed,
SONAR BANGLA SHOPPING COMPLEX,West Bengal,,SA1208142067098625,S290439112000034,26966,Redmi 8A Dual Sky White 2GB+32GB,1,BHABENDU MOL,7047408261,raghunathbera289@gmail.com,,,10/11/2020 15:15,6999,Cash,Completed,
SONAR BANGLA SHOPPING COMPLEX,West Bengal,,SA1208142101175927,S290439112000033,21025,Mi Micro USB Braided Cable 100cm(Black),1,SUBRATA DEY,8436394747,570subratadey@gmail.com,,,10/11/2020 10:18,249,Cash,Completed,
SONAR BANGLA SHOPPING COMPLEX,West Bengal,,SA1208142068098131,S290439112000032,26965,Redmi 8A Dual Sea Blue 2GB+32GB,1,SOUMESH DEY,6295961730,DAS4025@GMAIL.COM,,,9/11/2020 20:45,6999,Cash,Completed,
SONAR BANGLA SHOPPING COMPLEX,West Bengal,,SA1208142068906927,S290439112000031,29454,Redmi 9 Sky Blue 4GB+64GB,1,SK SABBIR,7699438505,ssabbir@gmail.com,,,9/11/2020 19:53,8999,Cash,Completed,
SONAR BANGLA SHOPPING COMPLEX,West Bengal,,SA1208132112924412,S290439112000030,25636,Mi USB Cable 120cm Black.,1,SURAJIT SAMANTA,6297647205,surrajitsamanta@gmail.com,,,9/11/2020 19:38,199,Cash,Completed,
SONAR BANGLA SHOPPING COMPLEX,West Bengal,,SA1208132118880111,S290439112000029,28321,Redmi Earphones Black,1,SAGARDIP ADS,9749390935,sd16122@gmail.com,,,9/11/2020 19:05,399,Cash,Completed,
SONAR BANGLA SHOPPING COMPLEX,West Bengal,,SA1208142068263730,S290439112000028,26965,Redmi 8A Dual Sea Blue 2GB+32GB,1,ANIL KUMAR ADHIKARY,9766190308,aniladhikari7126@gmail.com,,,9/11/2020 16:23,6999,Cash,Completed,
SONAR BANGLA SHOPPING COMPLEX,West Bengal,,SA1208142068130131,S290439112000027,25636,Mi USB Cable 120cm Black.,1,SUJAN KUMAR HANDA,7074948675,sujanhanda19988@gmail.com,,,9/11/2020 15:37,199,Cash,Completed,
SONAR BANGLA SHOPPING COMPLEX,West Bengal,,SA1208122067071024,S290439112000026,26969,Redmi 8A Dual Sea Blue 3GB+32GB,1,SK SAFIUL ALI,8348208902,sksafiulali.225@gmail.com,,,9/11/2020 14:51,7999,Cash,Completed,
SONAR BANGLA SHOPPING COMPLEX,West Bengal,,SA1208132081190129,S290439112000025,27333,Redmi Note 9 Pro Interstellar Black 4GB+64GB,1,ABAIDULLA DDIN,8159953522,dullaabai2000@gmail.com,,,9/11/2020 11:13,12999,Cash,Completed,
SONAR BANGLA SHOPPING COMPLEX,West Bengal,,SA1208122073723823,S290439112000024,28356,Mi USB Type C Cable Black,1,SUBHADIP MANNA,9083125741,subhadipmanna200@gmail.com,,,8/11/2020 19:14,199,Cash,Completed,
SONAR BANGLA SHOPPING COMPLEX,West Bengal,,SA1208122118124815,S290439112000023,22004,Mi Super Bass Wireless Headphones,1,KRISHNA DEY,9804456384,krishnahutait12@gmail.com,,,8/11/2020 18:56,1799,Cash,Completed,
SONAR BANGLA SHOPPING COMPLEX,West Bengal,,SA1208122067372814,S290439112000022,29454,Redmi 9 Sky Blue 4GB+64GB,1,TANU JANA,7319014595,sanjaybarman2519@gmail.com,,,8/11/2020 17:31,8999,Cash,Completed,
SONAR BANGLA SHOPPING COMPLEX,West Bengal,,SA1208112106318720,S290439112000021,22352,20000mAh Mi Power Bank 2i Black,1,SASWATA MUKHERJEE,6295522994,saswatamukjherjee2018@gmail.com,,,7/11/2020 17:03,1599,Cash,Completed,
SONAR BANGLA SHOPPING COMPLEX,West Bengal,,SA1208092117705324,S290439112000020,29454,Redmi 9 Sky Blue 4GB+64GB,1,SWAPAN BHAKTA,7384578446,swapanbhakta@gmail.com,,,7/11/2020 10:26,8999,Cash,Completed,
SONAR BANGLA SHOPPING COMPLEX,West Bengal,,SA1208092117204822,S290439112000019,26966,Redmi 8A Dual Sky White 2GB+32GB,1,AMAL PAUL,8597980038,sudippaul1831@gmail.com,,,6/11/2020 18:02,6999,Cash,Completed,
SONAR BANGLA SHOPPING COMPLEX,West Bengal,,SA1208092117860904,S290439112000018,26965,Redmi 8A Dual Sea Blue 2GB+32GB,1,SHYAMAL MIDYA,8169375783,shyamalmidya73@gmail.com,,,6/11/2020 17:34,6999,Cash,Completed,
SONAR BANGLA SHOPPING COMPLEX,West Bengal,,SA1208092117459827,S290439112000017,16644,Mi Earphones Silver,1,ARDHANDU KULAVI,7602326576,ardhandukulavi123@gmail.com,,,6/11/2020 17:28,699,Cash,Completed,
SONAR BANGLA SHOPPING COMPLEX,West Bengal,,SA1208112111304610,S290439112000016,27306,Redmi 8A Dual Sea Blue 3GB+64GB,1,RANJOY BERA,7407573442,ranjoybera7407.@gmail.com,,,6/11/2020 17:01,8299,Cash,Completed,
SONAR BANGLA SHOPPING COMPLEX,West Bengal,,SA1208092117095520,S290439112000015,26966,Redmi 8A Dual Sky White 2GB+32GB,1,RINKU MAITY,9547318528,pijus.m2017@gmail.com,,,6/11/2020 11:06,6999,Cash,Completed,
SONAR BANGLA SHOPPING COMPLEX,West Bengal,,SA1208092096299523,S290439112000014,28351,Mi Smart Band 5 Black,1,NILANJAN SAMANTA,8509545596,nilanjansamanta200@gmail.com,,,5/11/2020 20:17,2499,Cash,Completed,
SONAR BANGLA SHOPPING COMPLEX,West Bengal,,SA1208082062061519,S290439112000013,29762,Redmi Earbuds 2C Black,1,SUVADIP SENAPATI,8397071324,sayansenapati99@gmail.com,,,5/11/2020 18:07,1299,Cash,Completed,
SONAR BANGLA SHOPPING COMPLEX,West Bengal,,SA1208092117382301,S290439112000012,29454,Redmi 9 Sky Blue 4GB+64GB,1,SANJIT MAITY,7001798811,sanjitsanjitmaity0@gmail.com,,,5/11/2020 15:02,8999,Cash,Completed,
SONAR BANGLA SHOPPING COMPLEX,West Bengal,,SA1208082062086119,S290439112000011,28323,Redmi Earphones Blue,1,SOUMEN MANNA,7483237692,soumenmanna64153@gmail.com,,,5/11/2020 10:10,399,Cash,Completed,
SONAR BANGLA SHOPPING COMPLEX,West Bengal,,SA1208072078035032,S290439112000010,30614,Redmi 9 Sporty Orange 4GB+64GB,1,SK MOJAMMEL ALI,8327478666,skrajazi37@gmail.com,,,4/11/2020 18:49,8999,Cash,Completed,
SONAR BANGLA SHOPPING COMPLEX,West Bengal,,SA1208052063164619,S290439112000009,30031,Mi TV 4A 80cm (32) Horizon Edition Grey,1,SASANKA JANA,8001858303,sasankajana42145@gmail.com,,,3/11/2020 11:57,13999,Cash,Completed,
SONAR BANGLA SHOPPING COMPLEX,West Bengal,,SA1208072085761705,S290439112000008,30615,Redmi 9 Carbon Black 4GB+64GB,1,TARUN SANTRA,8434109213,tarunsantra@gmail.com,,,3/11/2020 11:43,8999,Cash,Completed,
SONAR BANGLA SHOPPING COMPLEX,West Bengal,,SA1208072122193816,S290439112000007,22696,India Standard Charger (2A Fast Charging) Black.,1,AUMAN PRAMANIK,9800947042,razz.tamluk1993@gmail.com,,,3/11/2020 11:15,349,Cash,Completed,
SONAR BANGLA SHOPPING COMPLEX,West Bengal,,SA1208062106954924,S290439112000006,23357,Mi Super Bass Wireless Headphones,1,SUSAMAN BERA,7469043430,susamanbera1999@gmail.com,,,2/11/2020 9:57,1799,Cash,Completed,
SONAR BANGLA SHOPPING COMPLEX,West Bengal,,SA1208042091399111,S290439112000005,28945,Redmi 9A Nature Green 3GB+32GB,1,arsad mobile,9932315137,arsadmobile@gmail.com,,,1/11/2020 21:14,7499,Cash,Completed,
SONAR BANGLA SHOPPING COMPLEX,West Bengal,,SA1208062174341523,S290439112000004,28945,Redmi 9A Nature Green 3GB+32GB,1,raja mal,9241205877,rajabera@gmail.com,,,1/11/2020 21:12,14998,Cash,Completed,
SONAR BANGLA SHOPPING COMPLEX,West Bengal,,SA1208052097664416,S290439112000003,28945,Redmi 9A Nature Green 3GB+32GB,1,tufan da,9732680959,tufanmobile@gmail.com,,,1/11/2020 21:10,14998,Cash,Completed,
SONAR BANGLA SHOPPING COMPLEX,West Bengal,,SA1208052093219525,S290439112000002,30248,Redmi 9 Prime Space Blue 4GB+128GB,1,BISWAJIT KARAN,9733320767,somnathjana2019@gmail.com,,,1/11/2020 18:01,10999,Cash,Completed,
SONAR BANGLA SHOPPING COMPLEX,West Bengal,,SA1208042007345628,S290439112000001,28162,Redmi Note 9 Pro Aurora Blue 4GB+128GB,1,SIDDHARTHA BHOWMIK,8759354749,milton.bhowmik93@gmail.com,,,1/11/2020 11:30,14499,Cash,Completed,
SONAR BANGLA SHOPPING COMPLEX,West Bengal,,SA1208042007760415,S290439102000260,28942,Redmi 9A Sea Blue 2GB+32GB,1,tapas jana,8013188457,tapasjana@gmail.com,,,31-10-20 21:56,6799,Cash,Completed,
SONAR BANGLA SHOPPING COMPLEX,West Bengal,,SA1208052091698007,S290439102000259,28942,Redmi 9A Sea Blue 2GB+32GB,1,RASED ALI,9932313380,rasedali@gmail.com,,,31-10-20 21:55,6799,Cash,Completed,
SONAR BANGLA SHOPPING COMPLEX,West Bengal,,SA1208052091854905,S290439102000258,25957,Mi Braided USB Type-C Cable Red .,1,SUSOVON DINDA,7029334280,dindabubun1992@gmail.com,,,31-10-20 19:10,299,Cash,Completed,
SONAR BANGLA SHOPPING COMPLEX,West Bengal,,SA1208042007379228,S290439102000257,26965,Redmi 8A Dual Sea Blue 2GB+32GB,1,ASIM MISHRA,9134340155,asimmishra001@gmail.com,,,31-10-20 18:03,6999,Cash,Completed,
SONAR BANGLA SHOPPING COMPLEX,West Bengal,,SA1208042007520609,S290439102000256,25657,Mi Braided USB Type-C Cable Red,1,SUDIP BARMAN,9933117213,sudipadmission@gmail.com,,,31-10-20 17:17,748,Cash,Completed,
SONAR BANGLA SHOPPING COMPLEX,West Bengal,,SA1208042097227611,S290439102000255,25077,Mi LED TV 4A Pro 80cm (32) Black,1,SAIKAT KAYET,7871964647,saikatkayet@gmail.com,,,31-10-20 11:31,13499,Cash,Completed,
SONAR BANGLA SHOPPING COMPLEX,West Bengal,,SA1208022071496507,S290439102000254,26966,Redmi 8A Dual Sky White 2GB+32GB,1,DILIP MAITY,9932797124,lakshmi.2001@gmail.com,,,30-10-20 15:09,6999,Cash,Completed,
SONAR BANGLA SHOPPING COMPLEX,West Bengal,,SA1208032063879322,S290439102000253,22004,Mi Super Bass Wireless Headphones,1,NEW BENGAL STORES,9851904604,utsabdutta1996@gmail.com,,,30-10-20 11:48,3098,Cash,Completed,
SONAR BANGLA SHOPPING COMPLEX,West Bengal,,SA1208022071096732,S290439102000252,25622,Mi TV 4X 138.8 cm (55) Black,1,NEW BENGAL STORES,985190464,utsabdutta1996@gmail.com,,,30-10-20 11:44,36999,Cash,Completed,
SONAR BANGLA SHOPPING COMPLEX,West Bengal,,SA1208032062345825,S290439102000251,26965,Redmi 8A Dual Sea Blue 2GB+32GB,1,surajit manna,7477300117,,,,29-10-20 19:44,6999,Cash,Completed,
SONAR BANGLA SHOPPING COMPLEX,West Bengal,,SA1208012133340130,S290439102000250,28321,Redmi Earphones Black,1,KANCHHAN BURMAN,7699967376,,,,29-10-20 12:08,399,Cash,Completed,
SONAR BANGLA SHOPPING COMPLEX,West Bengal,,SA1208022112793202,S290439102000249,27877,Redmi Note 9 Pebble Grey 4GB+128GB,1,BUDHHADEB SANTRA,9382478153,,,,28-10-20 22:20,12499,Cash,Completed,
SONAR BANGLA SHOPPING COMPLEX,West Bengal,,SA1208012088422418,S290439102000248,27333,Redmi Note 9 Pro Interstellar Black 4GB+64GB,1,RAM PARAI,9800847526,,,,28-10-20 22:12,12999,Cash,Completed,
SONAR BANGLA SHOPPING COMPLEX,West Bengal,,SA1208012051670622,S290439102000247,27333,Redmi Note 9 Pro Interstellar Black 4GB+64GB,1,RATUL BERA,8972777049,,,,28-10-20 22:04,12999,Cash,Completed,
SONAR BANGLA SHOPPING COMPLEX,West Bengal,,SA1208012088422618,,27333,Redmi Note 9 Pro Interstellar Black 4GB+64GB,1,RATUL BERA,8972777049,,,,28-10-20 22:03,13499,Wallet,Closed,
SONAR BANGLA SHOPPING COMPLEX,West Bengal,,SA1208022112397508,S290439102000246,27333,Redmi Note 9 Pro Interstellar Black 4GB+64GB,1,JAGANNATH SINGH,9874676996,,,,28-10-20 21:57,12999,Cash,Completed,
SONAR BANGLA SHOPPING COMPLEX,West Bengal,,SA1208022083063212,S290439102000245,27877,Redmi Note 9 Pebble Grey 4GB+128GB,1,SUVA JANA,7076568271,,,,28-10-20 21:50,12499,Cash,Completed,
SONAR BANGLA SHOPPING COMPLEX,West Bengal,,SA1208012088954923,S290439102000244,27877,Redmi Note 9 Pebble Grey 4GB+128GB,1,SUDIP KUNDU,7001275740,,,,28-10-20 21:47,12499,Cash,Completed,
SONAR BANGLA SHOPPING COMPLEX,West Bengal,,SA1208012088955223,S290439102000243,27877,Redmi Note 9 Pebble Grey 4GB+128GB,1,LATA BURMAN,6295444058,,,,28-10-20 21:42,12499,Cash,Completed,
SONAR BANGLA SHOPPING COMPLEX,West Bengal,,SA1208022110490709,S290439102000242,27877,Redmi Note 9 Pebble Grey 4GB+128GB,1,ASIT MAITY,7074981632,,,,28-10-20 21:36,12499,Cash,Completed,
SONAR BANGLA SHOPPING COMPLEX,West Bengal,,SA1208022110362128,S290439102000241,27880,Redmi Note 9 Aqua Green 6GB+128GB,1,RAKTIM MIDYA,9933958166,,,,28-10-20 21:02,13999,Cash,Completed,
SONAR BANGLA SHOPPING COMPLEX,West Bengal,,SA1208022112258409,S290439102000240,27385,Redmi Note 9 Pro Max Interstellar Black 8GB+128GB,1,DEBABRATA SEN,8348075318,,,,28-10-20 21:00,18999,Cash,Completed,
SONAR BANGLA SHOPPING COMPLEX,West Bengal,,SA1208012089057414,S290439102000239,27877,Redmi Note 9 Pebble Grey 4GB+128GB,1,DEBRAJ,8001380077,,,,28-10-20 20:59,12499,Cash,Completed,
SONAR BANGLA SHOPPING COMPLEX,West Bengal,,SA1208012088293214,S290439102000238,27876,Redmi Note 9 Aqua Green 4GB+128GB,1,RAKHI PAL,9932888483,,,,28-10-20 20:57,12499,Cash,Completed,
SONAR BANGLA SHOPPING COMPLEX,West Bengal,,SA1208022071439211,S290439102000237,23574,Mi Rechargeable LED Lamp White,1,SUSAMAN DAS,6296639194,,,,28-10-20 19:45,3798,Cash,Completed,
SONAR BANGLA SHOPPING COMPLEX,West Bengal,,SA1208022110905015,S290439102000236,23794,Mi 2A Fast Charger with Cable Black,1,SOUMYADEEP CHAKROBORTY,8013188257,,,,28-10-20 19:41,449,Cash,Completed,
SONAR BANGLA SHOPPING COMPLEX,West Bengal,,SA1208022110369428,S290439102000235,28321,Redmi Earphones Black,1,KARTIK JANA,991516053,,,,28-10-20 19:36,399,Cash,Completed,
SONAR BANGLA SHOPPING COMPLEX,West Bengal,,SA1208022083340507,S290439102000234,30250,Redmi 9 Prime Mint Green 4GB+64GB,1,PRADIP MAITY,7585820892,,,,28-10-20 19:32,9999,Cash,Completed,
SONAR BANGLA SHOPPING COMPLEX,West Bengal,,SA1208022071574907,S290439102000233,30248,Redmi 9 Prime Space Blue 4GB+128GB,1,;LAKHHIKANTA SAMANTA,8116548460,,,,28-10-20 19:29,10999,Cash,Completed,
SONAR BANGLA SHOPPING COMPLEX,West Bengal,,SA1208012051014525,S290439102000232,30613,Redmi 9 Sky Blue 4GB+64GB,1,SK SANUR ALI,8167490724,,,,28-10-20 19:24,8999,Cash,Completed,
SONAR BANGLA SHOPPING COMPLEX,West Bengal,,SA1208012133762221,S290439102000231,25077,Mi LED TV 4A Pro 80cm (32) Black,1,TAPAS KUMAR DEY,8348952899,tkumarday77@gmail.com,,,28-10-20 19:18,13499,Cash,Completed,
SONAR BANGLA SHOPPING COMPLEX,West Bengal,,SA1208022071306812,S290439102000230,30248,Redmi 9 Prime Space Blue 4GB+128GB,1,SUPRIYA MAITY PANJA,8170825747,,,,28-10-20 19:13,10999,Cash,Completed,
SONAR BANGLA SHOPPING COMPLEX,West Bengal,,SA1208012051287717,S290439102000229,24502,Mi Smart Water Purifier White,1,KESHAB MONDAL,9775009768,,,,28-10-20 19:11,10999,Cash,Completed,
SONAR BANGLA SHOPPING COMPLEX,West Bengal,,SA1208012088168131,S290439102000228,30033,Mi TV 4A 108cm (43) Horizon Edition Grey,1,PRASENJIT GHORAI,9932758806,prasenjitghorai013@gmail.com,,,28-10-20 19:05,23499,Cash,Completed,
SONAR BANGLA SHOPPING COMPLEX,West Bengal,,SA1208022071042202,S290439102000227,30248,Redmi 9 Prime Space Blue 4GB+128GB,1,RAKHO HARI BERA,8670678429,,,,28-10-20 18:56,10999,Cash,Completed,
SONAR BANGLA SHOPPING COMPLEX,West Bengal,,SA1208012089600004,S290439102000226,26966,Redmi 8A Dual Sky White 2GB+32GB,1,SUBHADEEP MAJEE,9641239416,subhadeepmajee1989@gmail.com,,,28-10-20 18:24,6999,Cash,Completed,
SONAR BANGLA SHOPPING COMPLEX,West Bengal,,SA1208012089227818,S290439102000225,30615,Redmi 9 Carbon Black 4GB+64GB,1,AK HIMMAT ALI,9593035492,,,,28-10-20 13:08,8999,Cash,Completed,
SONAR BANGLA SHOPPING COMPLEX,West Bengal,,SA1207992090518613,S290439102000224,30613,Redmi 9 Sky Blue 4GB+64GB,1,ANANDAMAYI JANA,7872692262,,,,27-10-20 11:17,8999,Cash,Completed,
SONAR BANGLA SHOPPING COMPLEX,West Bengal,,SA1207992104741523,S290439102000223,27334,Redmi Note 9 Pro Aurora Blue 4GB+64GB,1,RADHANATH BERA,9609689776,,,,27-10-20 11:09,12999,Cash,Completed,
SONAR BANGLA SHOPPING COMPLEX,West Bengal,,SA1207982087122730,S290439102000222,17062,Mi Rollerball Pen White,1,SOUMITRA JANA,8167094361,,,,27-10-20 10:53,179,Cash,Completed,
SONAR BANGLA SHOPPING COMPLEX,West Bengal,,SA1207992083165428,S290439102000221,27876,Redmi Note 9 Aqua Green 4GB+128GB,1,SADANANDA GUCHHAIT,7797103294,,,,26-10-20 17:21,12499,Cash,Completed,
SONAR BANGLA SHOPPING COMPLEX,West Bengal,,SA1207992104912603,S290439102000220,27380,Redmi Note 9 Pro Max Aurora Blue 6GB+64GB,1,BAPAN SAMANTA,9775842015,,,,26-10-20 12:10,15999,Cash,Completed,
SONAR BANGLA SHOPPING COMPLEX,West Bengal,,SA1207982071711321,S290439102000219,26965,Redmi 8A Dual Sea Blue 2GB+32GB,1,ajit kundu,9768846758,,,,26-10-20 11:06,6999,Cash,Completed,
SONAR BANGLA SHOPPING COMPLEX,West Bengal,,SA1207982071313330,S290439102000218,26965,Redmi 8A Dual Sea Blue 2GB+32GB,1,subhadeep kundu,8001468217,,,,26-10-20 11:05,6999,Cash,Completed,
SONAR BANGLA SHOPPING COMPLEX,West Bengal,,SA1207972107137707,S290439102000217,22697,India Standard Adapter (Qualcomm QC 3.0 certified),1,RAJIV MATNRI,7797117096,,,,25-10-20 11:55,449,Cash,Completed,
SONAR BANGLA SHOPPING COMPLEX,West Bengal,,SA1207972064872611,S290439102000216,27333,Redmi Note 9 Pro Interstellar Black 4GB+64GB,1,TARUN SINGHA,9733965167,,,,25-10-20 10:46,12999,Cash,Completed,
SONAR BANGLA SHOPPING COMPLEX,West Bengal,,SA1207972070765511,S290439102000215,29783,Redmi Note 9 Pebble Grey 4GB+64GB,1,dulal chandra hait,9547890360,,,,24-10-20 15:49,11499,Cash,Completed,
SONAR BANGLA SHOPPING COMPLEX,West Bengal,,SA1207962119973325,S290439102000214,30615,Redmi 9 Carbon Black 4GB+64GB,1,SK PAIP,8436847531,,,,24-10-20 13:49,8999,Cash,Completed,
SONAR BANGLA SHOPPING COMPLEX,West Bengal,,SA1207972096986908,S290439102000213,30614,Redmi 9 Sporty Orange 4GB+64GB,1,TRILOCHON KHUTYA,7478457211,,,,24-10-20 13:08,8999,Cash,Completed,
SONAR BANGLA SHOPPING COMPLEX,West Bengal,,SA1207972064118309,S290439102000212,26965,Redmi 8A Dual Sea Blue 2GB+32GB,1,SK KABIR,9635869360,,,,24-10-20 12:53,6999,Cash,Completed,
SONAR BANGLA SHOPPING COMPLEX,West Bengal,,SA1207972109050807,S290439102000211,26965,Redmi 8A Dual Sea Blue 2GB+32GB,1,BANAMALI MAITY,8967199032,,,,24-10-20 11:49,6999,Cash,Completed,
SONAR BANGLA SHOPPING COMPLEX,West Bengal,,SA1207972070517002,S290439102000210,26965,Redmi 8A Dual Sea Blue 2GB+32GB,1,DALI,7047103082,,,,24-10-20 11:07,6999,Cash,Completed,
SONAR BANGLA SHOPPING COMPLEX,West Bengal,,SA1207952119453906,S290439102000209,29762,Redmi Earbuds 2C Black,1,BASUDEB MAITY,9051718650,,,,24-10-20 10:52,1299,Cash,Completed,
SONAR BANGLA SHOPPING COMPLEX,West Bengal,,SA1207972070927512,S290439102000208,27877,Redmi Note 9 Pebble Grey 4GB+128GB,1,TAPAN MAITY,7840812045,,,,24-10-20 10:28,12499,Cash,Completed,
SONAR BANGLA SHOPPING COMPLEX,West Bengal,,SA1207962096580523,S290439102000207,27333,Redmi Note 9 Pro Interstellar Black 4GB+64GB,1,JUGAL DAS,8240358784,,,,24-10-20 10:13,12999,Cash,Completed,
SONAR BANGLA SHOPPING COMPLEX,West Bengal,,SA1207962072396527,S290439102000206,30614,Redmi 9 Sporty Orange 4GB+64GB,1,",MITALI KUILA",6296157007,,,,23-10-20 19:11,8999,Cash,Completed,
SONAR BANGLA SHOPPING COMPLEX,West Bengal,,SA1207962073016430,S290439102000205,28323,Redmi Earphones Blue,1,POULAMI MANNA,8101396889,,,,23-10-20 17:29,399,Cash,Completed,
SONAR BANGLA SHOPPING COMPLEX,West Bengal,,SA1207972070149728,S290439102000204,25636,Mi USB Cable 120cm Black.,1,ATANU MONDAL,8001446609,,,,23-10-20 16:30,199,Cash,Completed,
SONAR BANGLA SHOPPING COMPLEX,West Bengal,,SA1207962072558221,S290439102000203,30249,Redmi 9 Prime Mint Green 4GB+128GB,1,AVIJIT SAMANTA,6295253588,avijitsamanta957@gmail.com,,,23-10-20 15:24,10999,Cash,Completed,
SONAR BANGLA SHOPPING COMPLEX,West Bengal,,SA1207962072435527,S290439102000202,30248,Redmi 9 Prime Space Blue 4GB+128GB,1,SUDHASON SAHOO,7586080546,sudarsonsahoo44@gmail.com,,,23-10-20 12:06,10999,Cash,Completed,
SONAR BANGLA SHOPPING COMPLEX,West Bengal,,SA1207962096101818,S290439102000201,28323,Redmi Earphones Blue,1,BURAN MONDAL,9932254156,,,,23-10-20 12:01,399,Cash,Completed,
SONAR BANGLA SHOPPING COMPLEX,West Bengal,,SA1207952119771219,S290439102000200,26965,Redmi 8A Dual Sea Blue 2GB+32GB,1,BURAN MONDAL,9932254156,avijitadak4527@gmail.com,,,23-10-20 11:40,6999,Cash,Completed,
SONAR BANGLA SHOPPING COMPLEX,West Bengal,,SA1207962097773626,S290439102000199,28942,Redmi 9A Sea Blue 2GB+32GB,1,SYAMAL BHOWMIK,8768466234,,,,22-10-20 21:33,6799,Cash,Completed,
SONAR BANGLA SHOPPING COMPLEX,West Bengal,,SA1207962073461021,S290439102000198,27306,Redmi 8A Dual Sea Blue 3GB+64GB,1,TANMAY GHARA,7477605914,,,,22-10-20 19:37,8499,Cash,Completed,
SONAR BANGLA SHOPPING COMPLEX,West Bengal,,SA1207952119665210,S290439102000197,30248,Redmi 9 Prime Space Blue 4GB+128GB,1,CHOTON MAITY,7797463399,chotonmaity0@gmail.com,,,22-10-20 18:27,10999,Cash,Completed,
SONAR BANGLA SHOPPING COMPLEX,West Bengal,,SA1207952098162132,S290439102000196,27334,Redmi Note 9 Pro Aurora Blue 4GB+64GB,1,SANTANU DAS,8172092363,,,,22-10-20 17:23,12999,Cash,Completed,
SONAR BANGLA SHOPPING COMPLEX,West Bengal,,SA1207962073871901,S290439102000195,29785,Redmi Note 9 Arctic White 4GB+64GB,1,SUBRATA BHAKTA,8983373150,subratabhakta55@gmail.com,,,22-10-20 17:15,11499,Cash,Completed,
SONAR BANGLA SHOPPING COMPLEX,West Bengal,,SA1207962120943225,S290439102000194,27385,Redmi Note 9 Pro Max Interstellar Black 8GB+128GB,1,AMIYA CHOWDHURY,8016883375,,,,22-10-20 16:45,18999,Cash,Completed,
SONAR BANGLA SHOPPING COMPLEX,West Bengal,,SA1207942111705314,S290439102000193,30248,Redmi 9 Prime Space Blue 4GB+128GB,1,ASHIS METYA,7585999342,ashismetya4@gmail.com,,,22-10-20 16:37,10999,Cash,Completed,
SONAR BANGLA SHOPPING COMPLEX,West Bengal,,SA1207942109472021,S290439102000192,26969,Redmi 8A Dual Sea Blue 3GB+32GB,1,MONOJ KUMAR MONDAL,9647808708,,,,22-10-20 14:39,7999,Cash,Completed,
SONAR BANGLA SHOPPING COMPLEX,West Bengal,,SA1207952119560406,S290439102000191,30248,Redmi 9 Prime Space Blue 4GB+128GB,1,LALU NAYAK,8926893231,,,,22-10-20 12:58,10999,Cash,Completed,
SONAR BANGLA SHOPPING COMPLEX,West Bengal,,SA1207952098734907,S290439102000190,30248,Redmi 9 Prime Space Blue 4GB+128GB,1,SYAN PATRA,6294681733,sayanpatra721@gmail.com,,,22-10-20 12:45,10999,Cash,Completed,
SONAR BANGLA SHOPPING COMPLEX,West Bengal,,SA1207952120016029,S290439102000189,26965,Redmi 8A Dual Sea Blue 2GB+32GB,1,ASHOK KUUMAR GHORAI,9564062492,,,,22-10-20 10:21,6999,Cash,Completed,
SONAR BANGLA SHOPPING COMPLEX,West Bengal,,SA1207952120042329,S290439102000188,26965,Redmi 8A Dual Sea Blue 2GB+32GB,1,SUMAN DHARA,7908441229,dharasuman845@gmail.com,,,21-10-20 18:57,6999,Cash,Completed,
SONAR BANGLA SHOPPING COMPLEX,West Bengal,,SA1207942112730217,S290439102000187,30613,Redmi 9 Sky Blue 4GB+64GB,1,ALOK MISHA,9647016956,rajib.devcon@gmail.com,,,21-10-20 18:36,8999,Cash,Completed,
SONAR BANGLA SHOPPING COMPLEX,West Bengal,,SA1207942113422319,S290439102000186,26969,Redmi 8A Dual Sea Blue 3GB+32GB,1,ASHOK MISHA,9732882949,rajib.devcon@gmail.com,,,21-10-20 18:31,7999,Cash,Completed,
SONAR BANGLA SHOPPING COMPLEX,West Bengal,,SA1207942122062418,S290439102000185,27383,Redmi Note 9 Pro Max Interstellar Black 6GB+128GB,1,SK FAISHAL JAHANGIR,7076142270,skfaishal.sfj@gmail.com,,,21-10-20 18:13,17999,Cash,Completed,
SONAR BANGLA SHOPPING COMPLEX,West Bengal,,SA1207942122337231,S290439102000184,27319,Mi Beard Trimmer 1C Black,1,KOUSIK,8972184954,,,,21-10-20 17:38,999,Cash,Completed,
SONAR BANGLA SHOPPING COMPLEX,West Bengal,,SA1207952090289813,S290439102000183,30613,Redmi 9 Sky Blue 4GB+64GB,1,MD. NURUL RAHAMAN,8001940130,,,,21-10-20 17:01,8999,Cash,Completed,
SONAR BANGLA SHOPPING COMPLEX,West Bengal,,SA1207942112350906,S290439102000182,30248,Redmi 9 Prime Space Blue 4GB+128GB,1,SARENDRA BERA,8972484105,,,,21-10-20 15:06,10999,Cash,Completed,
SONAR BANGLA SHOPPING COMPLEX,West Bengal,,SA1207942113606217,S290439102000181,30614,Redmi 9 Sporty Orange 4GB+64GB,1,SUDIP SARKAR,8617738352,,,,21-10-20 12:04,8999,Cash,Completed,
SONAR BANGLA SHOPPING COMPLEX,West Bengal,,SA1207942111933418,S290439102000180,30614,Redmi 9 Sporty Orange 4GB+64GB,1,JOY BENERJEE,8016722494,,,,21-10-20 12:02,8999,Cash,Completed,
SONAR BANGLA SHOPPING COMPLEX,West Bengal,,SA1207932112890328,S290439102000179,17658,Mi City Backpack Dark Grey,1,SUBHRAJYOTI HAIT,7047933153,,,,21-10-20 11:06,1599,Cash,Completed,
SONAR BANGLA SHOPPING COMPLEX,West Bengal,,SA1207932078431715,S290439102000178,26965,Redmi 8A Dual Sea Blue 2GB+32GB,1,SUBHRAJYOTI HAIT,7047933153,,,,21-10-20 10:52,6999,Cash,Completed,
SONAR BANGLA SHOPPING COMPLEX,West Bengal,,SA1207942113337210,S290439102000177,29785,Redmi Note 9 Arctic White 4GB+64GB,1,SUDESHNA DAS,9800776355,,,,21-10-20 10:36,11499,Cash,Completed,
SONAR BANGLA SHOPPING COMPLEX,West Bengal,,SA1207942125072124,S290439102000176,30250,Redmi 9 Prime Mint Green 4GB+64GB,1,SANJIB BAG,9382785884,,,,21-10-20 9:13,9999,Cash,Completed,
SONAR BANGLA SHOPPING COMPLEX,West Bengal,,SA1207942112644419,S290439102000175,28942,Redmi 9A Sea Blue 2GB+32GB,1,AMIYA BAG,8926369137,,,,20-10-20 21:36,6799,Cash,Completed,
SONAR BANGLA SHOPPING COMPLEX,West Bengal,,SA1207942111290722,S290439102000174,28942,Redmi 9A Sea Blue 2GB+32GB,1,AMARESH BARMAN,9593455280,,,,20-10-20 21:35,6799,Cash,Completed,
SONAR BANGLA SHOPPING COMPLEX,West Bengal,,SA1207942122247424,,28942,Redmi 9A Sea Blue 2GB+32GB,1,AMARESH BARMAN,9593455280,,,,20-10-20 21:34,7099,Wallet,Closed,
SONAR BANGLA SHOPPING COMPLEX,West Bengal,,SA1207942112510210,S290439102000173,28942,Redmi 9A Sea Blue 2GB+32GB,1,ARNAB JYOTI PAL,8296315340,,,,20-10-20 21:33,6799,Cash,Completed,
SONAR BANGLA SHOPPING COMPLEX,West Bengal,,SA1207942122114618,S290439102000172,30613,Redmi 9 Sky Blue 4GB+64GB,1,TAPAN BERA,9002226037,,,,20-10-20 21:25,8999,Cash,Completed,
SONAR BANGLA SHOPPING COMPLEX,West Bengal,,SA1207942112376706,S290439102000171,30613,Redmi 9 Sky Blue 4GB+64GB,1,KHOKON MANNA,9735603512,,,,20-10-20 21:24,8999,Cash,Completed,
SONAR BANGLA SHOPPING COMPLEX,West Bengal,,SA1207932117864432,S290439102000170,30249,Redmi 9 Prime Mint Green 4GB+128GB,1,MANTU MAITY,9932430350,,,,20-10-20 20:28,10999,Cash,Completed,
SONAR BANGLA SHOPPING COMPLEX,West Bengal,,SA1207932101935916,S290439102000169,27334,Redmi Note 9 Pro Aurora Blue 4GB+64GB,1,ISHAQUE ALI MOLLA,7001275903,ishaquealim800@gmail.com,,,20-10-20 20:07,12999,Cash,Completed,
SONAR BANGLA SHOPPING COMPLEX,West Bengal,,SA1207942109851801,S290439102000168,27385,Redmi Note 9 Pro Max Interstellar Black 8GB+128GB,1,SAKLIN SK,8436054177,,,,20-10-20 19:42,18999,Cash,Completed,
SONAR BANGLA SHOPPING COMPLEX,West Bengal,,SA1207942111306322,S290439102000167,25657,Mi Braided USB Type-C Cable Red,1,SUBHAJEET SHEE,7001194649,,,,20-10-20 18:39,299,Cash,Completed,
SONAR BANGLA SHOPPING COMPLEX,West Bengal,,SA1207932078857729,S290439102000166,21025,Mi Micro USB Braided Cable 100cm(Black),1,S PATTHANYAK,8145416313,,,,20-10-20 18:27,249,Cash,Completed,
SONAR BANGLA SHOPPING COMPLEX,West Bengal,,SA1207932117614609,S290439102000165,27333,Redmi Note 9 Pro Interstellar Black 4GB+64GB,1,SULEKHA BERA,8001941552,,,,20-10-20 18:14,12999,Cash,Completed,
SONAR BANGLA SHOPPING COMPLEX,West Bengal,,SA1207812104498222,S290439102000164,27333,Redmi Note 9 Pro Interstellar Black 4GB+64GB,1,MADAL BERA,9932213552,,,,20-10-20 17:54,12999,Cash,Completed,
SONAR BANGLA SHOPPING COMPLEX,West Bengal,,SA1207922094809114,S290439102000163,22697,India Standard Adapter (Qualcomm QC 3.0 certified),1,SUDIPSOVHAN ADHIKARI,8158998185,,,,20-10-20 17:35,449,Cash,Completed,
SONAR BANGLA SHOPPING COMPLEX,West Bengal,,SA1207932117494208,S290439102000162,29454,Redmi 9 Sky Blue 4GB+64GB,1,NILIMA MANNA,9749928265,,,,20-10-20 15:19,8999,Cash,Completed,
SONAR BANGLA SHOPPING COMPLEX,West Bengal,,SA1207942113383410,,30248,Redmi 9 Prime Space Blue 4GB+128GB,1,NILIMA MANNA,9749928265,,,,20-10-20 15:16,10999,Wallet,Closed,
SONAR BANGLA SHOPPING COMPLEX,West Bengal,,SA1207922106815927,S290439102000161,21398,Mi TV 4X 108 cm (43) Black,1,SUMIT ROY CHOWDHURY,9434506626,bubu506626@gmail.com,,,20-10-20 14:54,25999,Cash,Completed,
SONAR BANGLA SHOPPING COMPLEX,West Bengal,,SA1207932101710529,S290439102000160,27333,Redmi Note 9 Pro Interstellar Black 4GB+64GB,1,NIRUPAM MULA,9002685058,,,,20-10-20 13:26,12999,Cash,Completed,
SONAR BANGLA SHOPPING COMPLEX,West Bengal,,SA1207922106954120,S290439102000159,27875,Redmi Note 9 Arctic White 4GB+64GB,1,NIRUPAM MULA,9002685058,,,,20-10-20 13:02,11499,Cash,Completed,
SONAR BANGLA SHOPPING COMPLEX,West Bengal,,SA1207922117105523,S290439102000158,27880,Redmi Note 9 Aqua Green 6GB+128GB,1,SAHEB MAITY,9679200902,,,,20-10-20 12:58,13999,Cash,Completed,
SONAR BANGLA SHOPPING COMPLEX,West Bengal,,SA1207932112951728,S290439102000157,27882,Redmi Note 9 Arctic White 6GB+128GB,1,SUDIP SARKAR,9832232112,,,,20-10-20 12:40,13999,Cash,Completed,
SONAR BANGLA SHOPPING COMPLEX,West Bengal,,SA1207932101982516,S290439102000156,27879,Redmi Note 9 Arctic White 4GB+128GB,1,SUVAJIT MAITY,8609496916,,,,20-10-20 12:31,12499,Cash,Completed,
SONAR BANGLA SHOPPING COMPLEX,West Bengal,,SA1207912106155006,S290439102000155,27880,Redmi Note 9 Aqua Green 6GB+128GB,1,SASANKA  SEKHAR PAL,9735651472,,,,20-10-20 12:10,13999,Cash,Completed,
SONAR BANGLA SHOPPING COMPLEX,West Bengal,,SA1207932117248603,S290439102000154,27879,Redmi Note 9 Arctic White 4GB+128GB,1,TAPASI PAL,8001140551,,,,20-10-20 11:52,12499,Cash,Completed,
SONAR BANGLA SHOPPING COMPLEX,West Bengal,,SA1207922106700825,,27879,Redmi Note 9 Arctic White 4GB+128GB,1,TAPASI PAL,8001140551,,,,20-10-20 11:50,12999,Wallet,Closed,
SONAR BANGLA SHOPPING COMPLEX,West Bengal,,SA1207922093354921,S290439102000153,30248,Redmi 9 Prime Space Blue 4GB+128GB,1,SUDHASoN SAHOO,7586080546,sudarsonsahoo44@gmail.com,,,20-10-20 11:31,10999,Cash,Completed,
SONAR BANGLA SHOPPING COMPLEX,West Bengal,,SA1207932117385226,S290439102000152,27882,Redmi Note 9 Arctic White 6GB+128GB,1,JOSHNA  ADHIKARY,7432016735,,,,20-10-20 11:23,13999,Cash,Completed,
SONAR BANGLA SHOPPING COMPLEX,West Bengal,,SA1207932101856812,S290439102000151,28657,Redmi 9 Prime Sunrise Flare 4GB+64GB,1,BAPAN BERA,906430039,mangalbera762@gmail.com,,,20-10-20 9:24,9999,Cash,Completed,
SONAR BANGLA SHOPPING COMPLEX,West Bengal,,SA1207932101321715,S290439102000150,28942,Redmi 9A Sea Blue 2GB+32GB,1,RAMESH MAITY,8240913201,,,,19-10-20 21:33,6799,Cash,Completed,
SONAR BANGLA SHOPPING COMPLEX,West Bengal,,SA1207922113782720,S290439102000149,28942,Redmi 9A Sea Blue 2GB+32GB,1,SANTANU ADHIKARY,7908576539,,,,19-10-20 21:30,6799,Cash,Completed,
SONAR BANGLA SHOPPING COMPLEX,West Bengal,,SA1207922094853314,S290439102000148,27334,Redmi Note 9 Pro Aurora Blue 4GB+64GB,1,RETESWAR BERA,9800640450,,,,19-10-20 21:28,12999,Cash,Completed,
SONAR BANGLA SHOPPING COMPLEX,West Bengal,,SA1207932112824209,S290439102000147,27334,Redmi Note 9 Pro Aurora Blue 4GB+64GB,1,PRITAM ADAK,6296434219,,,,19-10-20 21:25,12999,Cash,Completed,
SONAR BANGLA SHOPPING COMPLEX,West Bengal,,SA1207922106970720,S290439102000146,27335,Redmi Note 9 Pro Glacier White 4GB+64GB,1,PURNA ADHIKARY,834803431,,,,19-10-20 21:22,12999,Cash,Completed,
SONAR BANGLA SHOPPING COMPLEX,West Bengal,,SA1207912084448229,S290439102000145,30615,Redmi 9 Carbon Black 4GB+64GB,1,SUMIT RAM,8967493104,rams49643@gmail.com,,,19-10-20 18:08,8999,Cash,Completed,
SONAR BANGLA SHOPPING COMPLEX,West Bengal,,SA1207912084857505,S290439102000144,30614,Redmi 9 Sporty Orange 4GB+64GB,1,RAKESH DAS,9932314157,,,,19-10-20 17:29,8999,Cash,Completed,
SONAR BANGLA SHOPPING COMPLEX,West Bengal,,SA1207912106190306,S290439102000143,30614,Redmi 9 Sporty Orange 4GB+64GB,1,monog,9932878580,,,,19-10-20 17:27,8999,Cash,Completed,
SONAR BANGLA SHOPPING COMPLEX,West Bengal,,SA1207922113821820,S290439102000142,27385,Redmi Note 9 Pro Max Interstellar Black 8GB+128GB,1,UTTAM BARMAN,8001095966,soubarman2001@gmail.com,,,19-10-20 15:34,18999,Cash,Completed,
SONAR BANGLA SHOPPING COMPLEX,West Bengal,,SA1207912113147210,S290439102000141,28162,Redmi Note 9 Pro Aurora Blue 4GB+128GB,1,SONALI CHAKRABORTY,8001934101,chakrabortysonali740@gmail.com,,,19-10-20 15:27,14499,Cash,Completed,
SONAR BANGLA SHOPPING COMPLEX,West Bengal,,SA1207912113015906,S290439102000140,27335,Redmi Note 9 Pro Glacier White 4GB+64GB,1,SAGAR PAL,9679029347,,,,19-10-20 14:18,12999,Cash,Completed,
SONAR BANGLA SHOPPING COMPLEX,West Bengal,,SA1207932112474203,S290439102000139,20308,Mi LED Wi-Fi Smart Bulb (E27),1,SUSAMAN BERA,9433717593,,,,19-10-20 13:04,1299,Cash,Completed,
SONAR BANGLA SHOPPING COMPLEX,West Bengal,,SA1207922094908814,S290439102000138,21126,Mi Rollerball Pen Refill Silver,1,SUSAMAN BERA,9433717593,,,,19-10-20 13:00,595,Cash,Completed,
SONAR BANGLA SHOPPING COMPLEX,West Bengal,,SA1207922117172323,S290439102000137,19938,Mi Polarized Square Sunglasses Grey,1,SUSAMAN BERA,9433717593,,,,19-10-20 12:55,899,Cash,Completed,
SONAR BANGLA SHOPPING COMPLEX,West Bengal,,SA1207932117443026,S290439102000136,19939,Mi Polarized Square Sunglasses Blue,1,SUSAMAN BERA,9433717593,,,,19-10-20 12:54,899,Cash,Completed,
SONAR BANGLA SHOPPING COMPLEX,West Bengal,,SA1207922113968030,S290439102000135,17062,Mi Rollerball Pen White,1,SUSAMAN BERA,9433717593,,,,19-10-20 12:53,149,Cash,Completed,
SONAR BANGLA SHOPPING COMPLEX,West Bengal,,SA1207932117573808,S290439102000134,20270,Mi Compact Bluetooth Speaker 2,1,SUSAMAN BERA,9433717593,,,,19-10-20 12:51,799,Cash,Completed,
SONAR BANGLA SHOPPING COMPLEX,West Bengal,,SA1207912113023706,S290439102000133,22696,India Standard Charger (2A Fast Charging) Black.,1,SUSAMAN BERA,9433717593,,,,19-10-20 12:50,349,Cash,Completed,
SONAR BANGLA SHOPPING COMPLEX,West Bengal,,SA1207922093287922,S290439102000132,17902,Mi Pocket Speaker 2 Black,1,SUSAMAN BERA,9433717593,,,,19-10-20 12:49,1499,Cash,Completed,
SONAR BANGLA SHOPPING COMPLEX,West Bengal,,SA1207912083801311,S290439102000131,14539,Mi Selfie Stick Black,1,SUSAMAN BERA,9433717593,,,,19-10-20 12:48,799,Cash,Completed,
SONAR BANGLA SHOPPING COMPLEX,West Bengal,,SA1207922106892327,S290439102000130,16081,Mi Bluetooth Speaker Basic 2,1,SUSAMAN BERA,9433717593,,,,19-10-20 12:46,1799,Cash,Completed,
SONAR BANGLA SHOPPING COMPLEX,West Bengal,,SA1207922117041824,S290439102000129,27320,Mi Smart Band 4 Strap ( Compatible with Mi Band 3) Pink,1,SUSAMAN BERA,9433717593,,,,19-10-20 12:44,249,Cash,Completed,
SONAR BANGLA SHOPPING COMPLEX,West Bengal,,SA1207932117444426,S290439102000128,19938,Mi Polarized Square Sunglasses Grey,1,SUSAMAN BERA,9433717593,,,,19-10-20 12:41,899,Cash,Completed,
SONAR BANGLA SHOPPING COMPLEX,West Bengal,,SA1207912083279815,S290439102000127,28351,Mi Smart Band 5 Black,1,SUSAMAN BERA,9433717593,,,,19-10-20 12:21,2499,Cash,Completed,
SONAR BANGLA SHOPPING COMPLEX,West Bengal,,SA1207922113308419,S290439102000126,26965,Redmi 8A Dual Sea Blue 2GB+32GB,1,SUBHANKAR MAITY,8016897291,,,,19-10-20 10:34,7299,Cash,Completed,
SONAR BANGLA SHOPPING COMPLEX,West Bengal,,SA1207912106087105,S290439102000125,25657,Mi Braided USB Type-C Cable Red,1,SK NASIM ALI,9609862843,,,,19-10-20 9:38,299,Cash,Completed,
SONAR BANGLA SHOPPING COMPLEX,West Bengal,,SA1207922094783618,,28356,Mi USB Type C Cable Black,1,SK NASIM ALI,9609862843,,,,19-10-20 9:37,199,Wallet,Closed,
SONAR BANGLA SHOPPING COMPLEX,West Bengal,,SA1207912092822702,S290439102000124,27872,Redmi Note 9 Aqua Green 4GB+64GB,1,DIBYENDU DAS,8001364064,,,,18-10-20 21:42,10999,Cash,Completed,
SONAR BANGLA SHOPPING COMPLEX,West Bengal,,SA1207922094248721,S290439102000123,27875,Redmi Note 9 Arctic White 4GB+64GB,1,PAYEL DAS,8436094095,,,,18-10-20 21:29,10999,Cash,Completed,
SONAR BANGLA SHOPPING COMPLEX,West Bengal,,SA1207902092544928,S290439102000122,30031,Mi TV 4A 80cm (32) Horizon Edition Grey,1,SANKAR DAS,9733555540,sdas26863@gmail.com,,,18-10-20 20:14,13999,Cash,Completed,
SONAR BANGLA SHOPPING COMPLEX,West Bengal,,SA1207902068621023,S290439102000121,29455,Redmi 9 Sporty Orange 4GB+64GB,1,BASUDEV MAITY,8167420806,,,,18-10-20 19:03,8999,Cash,Completed,
SONAR BANGLA SHOPPING COMPLEX,West Bengal,,SA1207922094259821,,30615,Redmi 9 Carbon Black 4GB+64GB,1,SAHEB MAITY,9932314156,,,,18-10-20 18:53,8999,Wallet,Closed,
SONAR BANGLA SHOPPING COMPLEX,West Bengal,,SA1207902092421809,S290439102000120,28323,Redmi Earphones Blue,1,SUBHADIP BERA,8348922003,,,,18-10-20 18:07,399,Cash,Completed,
SONAR BANGLA SHOPPING COMPLEX,West Bengal,,SA1207922094000830,S290439102000119,17062,Mi Rollerball Pen White,1,SUSAMAN BERA,7469043430,,,,18-10-20 17:27,298,Cash,Completed,
SONAR BANGLA SHOPPING COMPLEX,West Bengal,,SA1207922094269321,S290439102000118,28351,Mi Smart Band 5 Black,1,SURYA SEKHAR PANDA,7407842038,,,,18-10-20 17:20,2499,Cash,Completed,
SONAR BANGLA SHOPPING COMPLEX,West Bengal,,SA1207902057052922,S290439102000117,29454,Redmi 9 Sky Blue 4GB+64GB,1,GOPINATH PAL,9831325732,,,,18-10-20 16:51,8999,Cash,Completed,
SONAR BANGLA SHOPPING COMPLEX,West Bengal,,SA1207912084266716,S290439102000116,24695,Mi Smart Band 4 Strap ( Compatible with Mi Band 3) Graphite Black,1,SAYAN DINDA,7586982592,,,,18-10-20 14:46,249,Cash,Completed,
SONAR BANGLA SHOPPING COMPLEX,West Bengal,,SA1207912083872611,S290439102000115,29454,Redmi 9 Sky Blue 4GB+64GB,1,MANOJ DEY,8001325767,,,,17-10-20 22:10,8999,Cash,Completed,
SONAR BANGLA SHOPPING COMPLEX,West Bengal,,SA1207912084007013,S290439102000114,27875,Redmi Note 9 Arctic White 4GB+64GB,1,BISWANATH HAZRA,9674231376,biswanathhazra1981@gmail.com,19ACYPH5530NIZT,,17-10-20 21:50,10999,Cash,Completed,
SONAR BANGLA SHOPPING COMPLEX,West Bengal,,SA1207902090543008,,27875,Redmi Note 9 Arctic White 4GB+64GB,1,PRASENJIT BERA,9674231376,,,,17-10-20 21:46,10999,Wallet,Closed,
SONAR BANGLA SHOPPING COMPLEX,West Bengal,,SA1207902057476704,S290439102000113,29455,Redmi 9 Sporty Orange 4GB+64GB,1,RAJU DA,7001200929,,,,17-10-20 21:36,8999,Cash,Completed,
SONAR BANGLA SHOPPING COMPLEX,West Bengal,,SA1207892067680825,S290439102000112,30248,Redmi 9 Prime Space Blue 4GB+128GB,1,PRASENJIT BERA,9674231376,biswanathhazra1981@gmail.com,,,17-10-20 21:17,10999,Cash,Completed,
SONAR BANGLA SHOPPING COMPLEX,West Bengal,,SA1207892067566827,S290439102000111,30615,Redmi 9 Carbon Black 4GB+64GB,1,SUBHANKAR MAITY,8617268230,subhankarmaiti.1994@gmail.com,,,17-10-20 19:34,8999,Cash,Completed,
SONAR BANGLA SHOPPING COMPLEX,West Bengal,,SA1207902068143031,S290439102000110,30248,Redmi 9 Prime Space Blue 4GB+128GB,1,MRINMOY SHEE,8348486042,,,,17-10-20 18:54,10999,Cash,Completed,
SONAR BANGLA SHOPPING COMPLEX,West Bengal,,SA1207912084155015,S290439102000109,17062,Mi Rollerball Pen White,1,DR SAIKAT PATRA,9002666333,,,,17-10-20 18:51,149,Cash,Completed,
SONAR BANGLA SHOPPING COMPLEX,West Bengal,,SA1207892079216817,S290439102000108,30249,Redmi 9 Prime Mint Green 4GB+128GB,1,RITWIK METYA,8016282294,koushikmaetya@gmail.com,,,17-10-20 17:03,10999,Cash,Completed,
SONAR BANGLA SHOPPING COMPLEX,West Bengal,,SA1207892079519525,S290439102000107,27334,Redmi Note 9 Pro Aurora Blue 4GB+64GB,1,PRASENJIT PATRA,9749457981,,,,17-10-20 11:12,12999,Cash,Completed,
SONAR BANGLA SHOPPING COMPLEX,West Bengal,,SA1207902092117003,S290439102000106,27260,Redmi Note 9 Pro Interstellar Black 6GB+128GB,1,BIDYUT GHORAI,9382219548,bidyutghorai1234@gmail.com,,,17-10-20 10:54,15999,Cash,Completed,
SONAR BANGLA SHOPPING COMPLEX,West Bengal,,SA1207892067608927,S290439102000105,28323,Redmi Earphones Blue,1,BAPPA DAS,7003040751,,,,17-10-20 10:49,399,Cash,Completed,
SONAR BANGLA SHOPPING COMPLEX,West Bengal,,SA1207902057017020,S290439102000104,30615,Redmi 9 Carbon Black 4GB+64GB,1,AMALESH BAG,8348849740,,,,16-10-20 19:46,8999,Cash,Completed,
SONAR BANGLA SHOPPING COMPLEX,West Bengal,,SA1207882106342429,S290439102000103,26865,Redmi Earbuds S Black,1,AMAL DAS,9002755226,,,,16-10-20 13:03,1499,Cash,Completed,
SONAR BANGLA SHOPPING COMPLEX,West Bengal,,SA1207892067108906,S290439102000102,29454,Redmi 9 Sky Blue 4GB+64GB,1,PABITRA GHORAI,6295794117,pabitraghorai6@gmail.com,,,16-10-20 9:10,8999,Cash,Completed,
SONAR BANGLA SHOPPING COMPLEX,West Bengal,,SA1207882136409409,S290439102000101,26969,Redmi 8A Dual Sea Blue 3GB+32GB,1,SK MUNKADER HAQUU,9653082382,,,,15-10-20 17:49,8299,Cash,Completed,
SONAR BANGLA SHOPPING COMPLEX,West Bengal,,SA1207872119679920,S290439102000100,30124,Redmi 9A Nature Green 2GB+32GB,1,SURESH GHORAI,8967990704,,,,15-10-20 16:56,6799,Cash,Completed,
SONAR BANGLA SHOPPING COMPLEX,West Bengal,,SA1207892099875212,S290439102000099,26965,Redmi 8A Dual Sea Blue 2GB+32GB,1,ARIJIT HAZRA,7685946140,,,,15-10-20 12:31,7499,Cash,Completed,
SONAR BANGLA SHOPPING COMPLEX,West Bengal,,SA1207862072360512,S290439102000098,28322,Redmi Earphones Red,1,AVIJIT SAMANTA,6295253588,,,,15-10-20 9:20,399,Cash,Completed,
SONAR BANGLA SHOPPING COMPLEX,West Bengal,,SA1207862116303327,S290439102000097,28356,Mi USB Type C Cable Black,1,RAJENDRA PRASAD JANA,8759965458,,,,14-10-20 18:59,648,Cash,Completed,
SONAR BANGLA SHOPPING COMPLEX,West Bengal,,SA1207872097775424,S290439102000096,30249,Redmi 9 Prime Mint Green 4GB+128GB,1,SUJATA PAL,7477434147,shambhunathpal4507@gmail.com,,,14-10-20 16:45,11999,Cash,Completed,
SONAR BANGLA SHOPPING COMPLEX,West Bengal,,SA1207872098652414,S290439102000095,26458,Mi I Love Mi T-Shirt White XL,1,SK SHAKARUZZAMAN,9153359410,,,,14-10-20 13:49,548,Cash,Completed,
SONAR BANGLA SHOPPING COMPLEX,West Bengal,,SA1207852125858511,S290439102000094,24692,Mi Smart Band 4 Strap ( Compatible with Mi Band 3) Electric Orange,1,SK SHAKARUZZAMAN,9153359410,,,,14-10-20 13:14,249,Cash,Completed,
SONAR BANGLA SHOPPING COMPLEX,West Bengal,,SA1207872125190326,S290439102000093,23744,Mi Smart Band 4 Black,1,SK SHAKARUZZAMAN,9153359410,,,,14-10-20 13:06,2299,Cash,Completed,
SONAR BANGLA SHOPPING COMPLEX,West Bengal,,SA1207862116583730,S290439102000092,28351,Mi Smart Band 5 Black,1,SUJAN CHOWDHURY,8436791942,,,,14-10-20 11:58,2499,Cash,Completed,
SONAR BANGLA SHOPPING COMPLEX,West Bengal,,SA1207872097668101,S290439102000091,28160,Redmi Note 9 Pro Champagne Gold 4GB+128GB,1,ASHOK MALLIL,9689222108,,,,13-10-20 21:36,15999,Cash,Completed,
SONAR BANGLA SHOPPING COMPLEX,West Bengal,,SA1207842090796503,S290439102000090,25636,Mi USB Cable 120cm Black.,1,SAJAY DUBAY,9005194195,,,,13-10-20 18:37,199,Cash,Completed,
SONAR BANGLA SHOPPING COMPLEX,West Bengal,,SA1207872097812024,S290439102000089,27333,Redmi Note 9 Pro Interstellar Black 4GB+64GB,1,MUJIBUR MALLIK,9732592036,,,,13-10-20 18:16,13999,Cash,Completed,
SONAR BANGLA SHOPPING COMPLEX,West Bengal,,SA1207862119366730,S290439102000088,26969,Redmi 8A Dual Sea Blue 3GB+32GB,1,RABIBUL SHA,963559662,,,,13-10-20 17:08,8299,Cash,Completed,
SONAR BANGLA SHOPPING COMPLEX,West Bengal,,SA1207862123801305,S290439102000087,28323,Redmi Earphones Blue,1,SUNAYANI ADAK,8597980266,,,,13-10-20 16:39,399,Cash,Completed,
SONAR BANGLA SHOPPING COMPLEX,West Bengal,,SA1207862119248317,S290439102000086,23794,Mi 2A Fast Charger with Cable Black,1,SOUVICK PRAMANIK,8172057469,,,,13-10-20 15:17,449,Cash,Completed,
SONAR BANGLA SHOPPING COMPLEX,West Bengal,,SA1207842124077103,S290439102000085,26865,Redmi Earbuds S Black,1,GOUTAM MAITY,9153320320,,,,13-10-20 12:04,1799,Cash,Completed,
SONAR BANGLA SHOPPING COMPLEX,West Bengal,,SA1207862116239819,S290439102000084,25636,Mi USB Cable 120cm Black.,1,SATANU MONDAL,6297513587,,,,13-10-20 11:36,199,Cash,Completed,
SONAR BANGLA SHOPPING COMPLEX,West Bengal,,SA1207862116635430,S290439102000083,25740,Mi Step Out Backpack Black,1,DINESH DUTTA,8670678429,,,,13-10-20 10:59,299,Cash,Completed,
SONAR BANGLA SHOPPING COMPLEX,West Bengal,,SA1207862072042816,S290439102000082,29024,Mi Portable Electric Air Compressor Black,1,SUSAMAN BERA,9433717593,,,,13-10-20 10:53,2499,Cash,Completed,
SONAR BANGLA SHOPPING COMPLEX,West Bengal,,SA1207842102650504,S290439102000081,27876,Redmi Note 9 Aqua Green 4GB+128GB,1,NIRMAL KUMAR BERA,9732958803,,,,12/10/2020 16:37,13499,Cash,Completed,
SONAR BANGLA SHOPPING COMPLEX,West Bengal,,SA1207842125010228,S290439102000080,27875,Redmi Note 9 Arctic White 4GB+64GB,1,SUDIP MAITY,9998534870,sudipmaity727@gmail.com,,,12/10/2020 9:53,11999,Cash,Completed,
SONAR BANGLA SHOPPING COMPLEX,West Bengal,,SA1207842089601501,S290439102000079,26969,Redmi 8A Dual Sea Blue 3GB+32GB,1,SANJU SAMANTA,8167601046,sanjusamanta200@gmail.com,,,11/10/2020 18:42,8299,Cash,Completed,
SONAR BANGLA SHOPPING COMPLEX,West Bengal,,SA1207842124013926,S290439102000078,25636,Mi USB Cable 120cm Black.,1,suprabhat,9800232218,,,,11/10/2020 17:38,199,Cash,Completed,
SONAR BANGLA SHOPPING COMPLEX,West Bengal,,SA1207842089605501,S290439102000077,22351,10000mAh Mi Power Bank 2i Black,1,SATYENBRANATH SHEE,8967174183,,,,11/10/2020 17:31,899,Cash,Completed,
SONAR BANGLA SHOPPING COMPLEX,West Bengal,,SA1207832074764410,S290439102000076,27335,Redmi Note 9 Pro Glacier White 4GB+64GB,1,SATYENBRANATH SHEE,8967174183,rdebasis275@gmail.com,,,11/10/2020 17:21,13999,Cash,Completed,
SONAR BANGLA SHOPPING COMPLEX,West Bengal,,SA1207832064752406,S290439102000075,28992,Mi 30W Wireless Charger White,1,SUSAMAN BERA,7469043430,,,,11/10/2020 12:55,2299,Cash,Completed,
SONAR BANGLA SHOPPING COMPLEX,West Bengal,,SA1207842102300630,S290439102000074,26965,Redmi 8A Dual Sea Blue 2GB+32GB,1,SWARUP GHOSH,7384792009,,,,11/10/2020 12:38,7499,Cash,Completed,
SONAR BANGLA SHOPPING COMPLEX,West Bengal,,SA1207832093974312,S290439102000073,17658,Mi City Backpack Dark Grey,1,SUSAMAN BERA,7469043430,,,,11/10/2020 12:30,8596,Cash,Completed,
SONAR BANGLA SHOPPING COMPLEX,West Bengal,,SA1207842089101822,S290439102000072,26194,Mi Wireless Power Bank 10000 mAh Black,1,SUBHADIP CHOWDHURY,9564826300,,,,11/10/2020 10:59,2499,Cash,Completed,
SONAR BANGLA SHOPPING COMPLEX,West Bengal,,SA1207822116668828,S290439102000071,23794,Mi 2A Fast Charger with Cable Black,1,ANJAN MITRA,9851324740,,,,10/10/2020 17:45,449,Cash,Completed,
SONAR BANGLA SHOPPING COMPLEX,West Bengal,,SA1207822088275803,S290439102000070,25083,Mi Dual Driver In-ear Earphones Blue,1,SURAJIT SAMANTA,8972718406,,,,10/10/2020 17:09,799,Cash,Completed,
SONAR BANGLA SHOPPING COMPLEX,West Bengal,,SA1207832074821610,S290439102000069,27876,Redmi Note 9 Aqua Green 4GB+128GB,1,DEBU PAYEN,9873454137,payen.debu@gmail.com,,,10/10/2020 12:51,13499,Cash,Completed,
SONAR BANGLA SHOPPING COMPLEX,West Bengal,,SA1207812116285924,S290439102000068,20262,Mi Sports Bluetooth Earphones Basic Black,1,SILADITYA MONDAL,7047498896,,,,10/10/2020 12:21,1299,Cash,Completed,
SONAR BANGLA SHOPPING COMPLEX,West Bengal,,SA1207832093754515,S290439102000067,27262,Redmi Note 9 Pro Aurora Blue 6GB+128GB,1,SAJIB PAUL,7449560596,paulsajib861@gmail.com,,,10/10/2020 11:46,16999,Cash,Completed,
SONAR BANGLA SHOPPING COMPLEX,West Bengal,,SA1207812104513722,S290439102000066,23794,Mi 2A Fast Charger with Cable Black,1,umashankar sasmal,7872431371,,,,10/10/2020 8:39,449,Cash,Completed,
SONAR BANGLA SHOPPING COMPLEX,West Bengal,,SA1207822116703628,S290439102000065,27875,Redmi Note 9 Arctic White 4GB+64GB,1,CHANDAN PRAMANIK,7872927870,pramanikchandan2296@gmail.com,,,9/10/2020 19:39,11999,Cash,Completed,
SONAR BANGLA SHOPPING COMPLEX,West Bengal,,SA1207822093380613,S290439102000064,26965,Redmi 8A Dual Sea Blue 2GB+32GB,1,KHOKON DAS,7797495708,khokand564@gmail.com,,,9/10/2020 16:37,7499,Cash,Completed,
SONAR BANGLA SHOPPING COMPLEX,West Bengal,,SA1207832064163316,S290439102000063,21162,Mi Band 3 Charging Cable Black,1,SAYAN DINDA,7586982592,,,,9/10/2020 16:21,129,Cash,Completed,
SONAR BANGLA SHOPPING COMPLEX,West Bengal,,SA1207822088621813,S290439102000062,30122,Redmi 9A Sea Blue 2GB+32GB,1,AVIJIT BERA,6294728121,,,,9/10/2020 13:48,6799,Cash,Completed,
SONAR BANGLA SHOPPING COMPLEX,West Bengal,,SA1207802110244707,S290439102000061,30122,Redmi 9A Sea Blue 2GB+32GB,1,TAPAN BERA,9002226037,,,,9/10/2020 13:46,6799,Cash,Completed,
SONAR BANGLA SHOPPING COMPLEX,West Bengal,,SA1207832064311212,S290439102000060,30122,Redmi 9A Sea Blue 2GB+32GB,1,BAPI BARMAN,9732936609,,,,9/10/2020 13:44,6799,Cash,Completed,
SONAR BANGLA SHOPPING COMPLEX,West Bengal,,SA1207812115533224,S290439102000059,30122,Redmi 9A Sea Blue 2GB+32GB,1,GOBINDA SENAPATI,7477372842,,,,9/10/2020 13:43,6799,Cash,Completed,
SONAR BANGLA SHOPPING COMPLEX,West Bengal,,SA1207822088486232,S290439102000058,30122,Redmi 9A Sea Blue 2GB+32GB,1,MONORANJAN BHANJA,8906366168,,,,9/10/2020 13:39,7099,Cash,Completed,
SONAR BANGLA SHOPPING COMPLEX,West Bengal,,SA1207812104813520,S290439102000057,30122,Redmi 9A Sea Blue 2GB+32GB,1,MONORANJAN BHANJA,8906366168,,,,9/10/2020 13:38,6799,Cash,Completed,
SONAR BANGLA SHOPPING COMPLEX,West Bengal,,SA1207812104417104,S290439102000056,30122,Redmi 9A Sea Blue 2GB+32GB,1,SANTANU ADHIKARY,7908576539,,,,9/10/2020 13:35,6799,Cash,Completed,
SONAR BANGLA SHOPPING COMPLEX,West Bengal,,SA1207812092191830,S290439102000055,30122,Redmi 9A Sea Blue 2GB+32GB,1,SAGAR CHAKROBORTY,7872227527,,,,9/10/2020 13:33,6799,Cash,Completed,
SONAR BANGLA SHOPPING COMPLEX,West Bengal,,SA1207822093258832,S290439102000054,30122,Redmi 9A Sea Blue 2GB+32GB,1,PRASENJIT BERA,9609268591,,,,9/10/2020 13:32,6799,Cash,Completed,
SONAR BANGLA SHOPPING COMPLEX,West Bengal,,SA1207812092598704,S290439102000053,30122,Redmi 9A Sea Blue 2GB+32GB,1,monog,9932878580,,,,9/10/2020 13:31,6799,Cash,Completed,
SONAR BANGLA SHOPPING COMPLEX,West Bengal,,SA1207812110928427,S290439102000052,26965,Redmi 8A Dual Sea Blue 2GB+32GB,1,suman manna,7319167533,,,,9/10/2020 12:31,7500,Cash,Completed,
SONAR BANGLA SHOPPING COMPLEX,West Bengal,,SA1207802123166213,S290439102000051,25657,Mi Braided USB Type-C Cable Red,1,SRIKRISHNA GANTAIT,9883340127,,,,8/10/2020 17:17,299,Cash,Completed,
SONAR BANGLA SHOPPING COMPLEX,West Bengal,,SA1207812110688919,S290439102000050,30248,Redmi 9 Prime Space Blue 4GB+128GB,1,DULAL GANTAIT,9323201689,dulalgantait217@gmail.com,,,8/10/2020 17:08,11999,Cash,Completed,
SONAR BANGLA SHOPPING COMPLEX,West Bengal,,SA1207812110482805,S290439102000049,26965,Redmi 8A Dual Sea Blue 2GB+32GB,1,SK ANSAR ALI,7872130082,skalibhai647@gmail.com,,,7/10/2020 15:08,7499,Cash,Completed,
SONAR BANGLA SHOPPING COMPLEX,West Bengal,,SA1207792117016103,S290439102000048,27383,Redmi Note 9 Pro Max Interstellar Black 6GB+128GB,1,NISHIKANTA MAITY,7063458948,,,,7/10/2020 12:53,18499,Cash,Completed,
SONAR BANGLA SHOPPING COMPLEX,West Bengal,,SA1207802123793312,S290439102000047,30248,Redmi 9 Prime Space Blue 4GB+128GB,1,SAKTIBRATA SETH,9732791519,,,,7/10/2020 12:19,11999,Cash,Completed,
SONAR BANGLA SHOPPING COMPLEX,West Bengal,,SA1207812110497505,S290439102000046,27750,Mi Notebook 14 Silver,1,SUSAMAN BERA,7469043430,susaman1999@gmail.com,,,7/10/2020 11:13,46999,Cash,Completed,
SONAR BANGLA SHOPPING COMPLEX,West Bengal,,SA1207792094215414,S290439102000045,28321,Redmi Earphones Black,1,SUBHRAJYOTI HAIT,7047933153,subhrajyotihait1999@gmail.com,,,7/10/2020 10:18,1498,Cash,Completed,
SONAR BANGLA SHOPPING COMPLEX,West Bengal,,SA1207792095068914,S290439102000044,28692,Mi TV 4A 80cm (32) Horizon Edition Grey,1,BHIM PRAMANIK,8016522011,prasnjit92@gmail.com,,,6/10/2020 17:52,13999,Cash,Completed,
SONAR BANGLA SHOPPING COMPLEX,West Bengal,,SA1207792094638226,S290439102000043,30249,Redmi 9 Prime Mint Green 4GB+128GB,1,BABULAL MANNA,9635730547,,,,6/10/2020 17:30,11999,Cash,Completed,
SONAR BANGLA SHOPPING COMPLEX,West Bengal,,SA1207772082530915,S290439102000042,26965,Redmi 8A Dual Sea Blue 2GB+32GB,1,SONU JANA,9091516053,,,,6/10/2020 16:26,7499,Cash,Completed,
SONAR BANGLA SHOPPING COMPLEX,West Bengal,,SA1207792066575122,S290439102000041,27319,Mi Beard Trimmer 1C Black,1,raju,9932888485,,,,6/10/2020 16:23,999,Cash,Completed,
SONAR BANGLA SHOPPING COMPLEX,West Bengal,,SA1207772076835616,S290439102000040,30124,Redmi 9A Nature Green 2GB+32GB,1,RAJU,9932888483,,,,6/10/2020 16:20,6799,Cash,Completed,
SONAR BANGLA SHOPPING COMPLEX,West Bengal,,SA1207792117068803,S290439102000039,26598,Redmi 10000mAh Power Bank Black,1,ANKAN HAIT,9382430352,,,,6/10/2020 12:20,799,Cash,Completed,
SONAR BANGLA SHOPPING COMPLEX,West Bengal,,SA1207792066623322,S290439102000038,28356,Mi USB Type C Cable Black,1,SUMAN RUTH,7076485314,,,,5/10/2020 17:13,199,Cash,Completed,
SONAR BANGLA SHOPPING COMPLEX,West Bengal,,SA1207762100208620,S290439102000037,22697,India Standard Adapter (Qualcomm QC 3.0 certified),1,SUMAN RUTH,7076485314,,,,5/10/2020 10:28,449,Cash,Completed,
SONAR BANGLA SHOPPING COMPLEX,West Bengal,,SA1207772076520811,S290439102000036,28322,Redmi Earphones Red,1,SUBHA MAITY,9635139390,,,,4/10/2020 19:22,399,Cash,Completed,
SONAR BANGLA SHOPPING COMPLEX,West Bengal,,SA1207762099902201,S290439102000035,26865,Redmi Earbuds S Black,1,SUSAMAN BERA,9433717593,susaman1999@gmail.com,,,4/10/2020 16:03,1799,Cash,Completed,
SONAR BANGLA SHOPPING COMPLEX,West Bengal,,SA1207782063329329,S290439102000034,23357,Mi Super Bass Wireless Headphones,1,SUSAMAN BERA,9433717593,susaman1999@gmail.com,,,4/10/2020 15:59,5397,Cash,Completed,
SONAR BANGLA SHOPPING COMPLEX,West Bengal,,SA1207762121305724,S290439102000033,26965,Redmi 8A Dual Sea Blue 2GB+32GB,1,MOUMITA SAHOO,9800453213,moumitasahoo444@gmail.com,,,4/10/2020 15:27,7499,Cash,Completed,
SONAR BANGLA SHOPPING COMPLEX,West Bengal,,SA1207772082637315,S290439102000032,30239,Redmi 9i Nature Green 4GB+128GB,1,NABAKUMAR ADS,9681699813,amritagoldar@gmail.com,,,4/10/2020 12:57,9299,Cash,Completed,
SONAR BANGLA SHOPPING COMPLEX,West Bengal,,SA1207772082382211,S290439102000031,30239,Redmi 9i Nature Green 4GB+128GB,1,APARESH MIDYA,7908263465,,,,4/10/2020 10:56,9299,Cash,Completed,
SONAR BANGLA SHOPPING COMPLEX,West Bengal,,SA1207772076687212,S290439102000030,30122,Redmi 9A Sea Blue 2GB+32GB,1,soumitra,9932314155,,,,3/10/2020 20:44,6799,Cash,Completed,
SONAR BANGLA SHOPPING COMPLEX,West Bengal,,SA1207752140587627,S290439102000029,30122,Redmi 9A Sea Blue 2GB+32GB,1,argha,7047902161,,,,3/10/2020 20:43,6799,Cash,Completed,
SONAR BANGLA SHOPPING COMPLEX,West Bengal,,SA1207762100638523,S290439102000028,30122,Redmi 9A Sea Blue 2GB+32GB,1,DIPAK,7047902061,,,,3/10/2020 20:42,6799,Cash,Completed,
SONAR BANGLA SHOPPING COMPLEX,West Bengal,,SA1207762121730203,S290439102000027,30122,Redmi 9A Sea Blue 2GB+32GB,1,ASHIS GHORAI,7430092305,,,,3/10/2020 20:40,6799,Cash,Completed,
SONAR BANGLA SHOPPING COMPLEX,West Bengal,,SA1207772076141708,S290439102000026,30122,Redmi 9A Sea Blue 2GB+32GB,1,MRINMOY SINGHA,7550985127,,,,3/10/2020 20:39,6799,Cash,Completed,
SONAR BANGLA SHOPPING COMPLEX,West Bengal,,SA1207762099003225,S290439102000025,30122,Redmi 9A Sea Blue 2GB+32GB,1,SAMARESH BARMAN,7585069117,,,,3/10/2020 20:38,6799,Cash,Completed,
SONAR BANGLA SHOPPING COMPLEX,West Bengal,,SA1207772076407502,S290439102000024,30122,Redmi 9A Sea Blue 2GB+32GB,1,MASLEUDDIN,9647016202,,,,3/10/2020 20:37,6799,Cash,Completed,
SONAR BANGLA SHOPPING COMPLEX,West Bengal,,SA1207752147447327,S290439102000023,30122,Redmi 9A Sea Blue 2GB+32GB,1,tufan da,9732680959,,,,3/10/2020 20:36,6799,Cash,Completed,
SONAR BANGLA SHOPPING COMPLEX,West Bengal,,SA1207762147582710,S290439102000022,30122,Redmi 9A Sea Blue 2GB+32GB,1,monog,9932878580,,,,3/10/2020 20:35,6799,Cash,Completed,
SONAR BANGLA SHOPPING COMPLEX,West Bengal,,SA1207772082232902,S290439102000021,30126,Redmi 9A Midnight Black 2GB+32GB,1,DHANANJOY MURA,9732878580,,,,3/10/2020 20:34,6799,Cash,Completed,
SONAR BANGLA SHOPPING COMPLEX,West Bengal,,SA1207762121070518,S290439102000020,27382,Redmi Note 9 Pro Max Aurora Blue 6GB+128GB,1,UDAY KUMAR MANDAL,9735249150,udkmandal83@gmail.com,,,3/10/2020 18:16,18499,Cash,Completed,
SONAR BANGLA SHOPPING COMPLEX,West Bengal,,SA1207752117813105,S290439102000019,28160,Redmi Note 9 Pro Champagne Gold 4GB+128GB,1,GITA GURIA,9775347197,,,,3/10/2020 16:09,15999,Cash,Completed,
SONAR BANGLA SHOPPING COMPLEX,West Bengal,,SA1207752140352019,S290439102000018,27334,Redmi Note 9 Pro Aurora Blue 4GB+64GB,1,BISWAJIT MONDAL,9732838098,,,,3/10/2020 11:52,13999,Cash,Completed,
SONAR BANGLA SHOPPING COMPLEX,West Bengal,,SA1207752140499717,S290439102000017,25264,Redmi Note 8 Neptune Blue 4GB+64GB,1,RIYA BHOWMIK,9593996394,riyabhowmik150@gmail.com,,,3/10/2020 11:02,12499,Cash,Completed,
SONAR BANGLA SHOPPING COMPLEX,West Bengal,,SA1207762099572404,S290439102000016,21059,Mi Router 4C White,1,BIMAL KUNDU,9593455152,,,,3/10/2020 10:49,1099,Cash,Completed,
SONAR BANGLA SHOPPING COMPLEX,West Bengal,,SA1207762100296520,S290439102000015,30122,Redmi 9A Sea Blue 2GB+32GB,1,SUBHANKAR MAITY,8016897291,maitysubhankar847@gmail.com,,,3/10/2020 10:15,6799,Cash,Completed,
SONAR BANGLA SHOPPING COMPLEX,West Bengal,,SA1207752140647027,S290439102000014,28321,Redmi Earphones Black,1,SHIRSENDU ADHIKARY,8942939436,,,,2/10/2020 18:52,399,Cash,Completed,
SONAR BANGLA SHOPPING COMPLEX,West Bengal,,SA1207742099218709,S290439102000013,27379,Redmi Note 9 Pro Max Interstellar Black 6GB+64GB,1,SHIRSENDU ADHIKARY,8942939436,adhikarysirsendu@gmail.com,,,2/10/2020 18:10,16999,Cash,Completed,
SONAR BANGLA SHOPPING COMPLEX,West Bengal,,SA1207742117024513,S290439102000012,30235,Redmi 9i Midnight Black 4GB+64GB,1,SK MOFIJUL,7890452121,mafijulsk2121@gmail.com,,,2/10/2020 17:18,8299,Cash,Completed,
SONAR BANGLA SHOPPING COMPLEX,West Bengal,,SA1207742098913808,S290439102000011,26965,Redmi 8A Dual Sea Blue 2GB+32GB,1,AJIT BARMAN,8972008298,,,,2/10/2020 13:02,7499,Cash,Completed,
SONAR BANGLA SHOPPING COMPLEX,West Bengal,,SA1207742106809121,S290439102000010,27383,Redmi Note 9 Pro Max Interstellar Black 6GB+128GB,1,ANIMESH BERA,9733536467,,,,1/10/2020 20:48,18499,Cash,Completed,
SONAR BANGLA SHOPPING COMPLEX,West Bengal,,SA1207742079479804,S290439102000009,30245,Redmi 9 Prime Space Blue 4GB+64GB,1,PUSPENDU SAMANTA,7407014861,puspendusamanta123@gmail.com,,,1/10/2020 19:04,9999,Cash,Completed,
SONAR BANGLA SHOPPING COMPLEX,West Bengal,,SA1207752117370512,S290439102000008,28656,Redmi 9 Prime Space Blue 4GB+64GB,1,SUBHANKAR SAUTYA,8945929834,shubhankarsoutya722@gmail.com,,,1/10/2020 17:24,9999,Cash,Completed,
SONAR BANGLA SHOPPING COMPLEX,West Bengal,,SA1207752006366111,S290439102000007,30122,Redmi 9A Sea Blue 2GB+32GB,1,PRITAM SAHOO,8972652190,,,,1/10/2020 16:25,6799,Cash,Completed,
SONAR BANGLA SHOPPING COMPLEX,West Bengal,,SA1207732079484005,S290439102000006,30240,Redmi 9i Nature Green 4GB+64GB,1,SUBHANKAR SAMANTA,9547993388,,,,1/10/2020 16:04,8299,Cash,Completed,
SONAR BANGLA SHOPPING COMPLEX,West Bengal,,SA1207742098821832,S290439102000005,28656,Redmi 9 Prime Space Blue 4GB+64GB,1,CHOTTU MANNA,9647937600,,,,1/10/2020 16:02,9999,Cash,Completed,
SONAR BANGLA SHOPPING COMPLEX,West Bengal,,SA1207742079240020,S290439102000004,28165,Redmi Note 9 Pro Glacier White 4GB+128GB,1,RUMA PATTNAYAK GHARA,9932791024,ankitghara@gmail.com,,,1/10/2020 13:31,15999,Cash,Completed,
SONAR BANGLA SHOPPING COMPLEX,West Bengal,,SA1207742099439403,S290439102000003,28322,Redmi Earphones Red,1,SAGAR CHAKROBORTY,7872227527,,,,1/10/2020 10:55,399,Cash,Completed,
SONAR BANGLA SHOPPING COMPLEX,West Bengal,,SA1207742106581830,S290439102000002,26965,Redmi 8A Dual Sea Blue 2GB+32GB,1,UTPAL PATRA,9800490854,utpalpatra90@gmail.com,,,1/10/2020 10:34,7499,Cash,Completed,
SONAR BANGLA SHOPPING COMPLEX,West Bengal,,SA1207742098845632,S290439102000001,30239,Redmi 9i Nature Green 4GB+128GB,1,NARAYAN DAS,9733686323,,,,1/10/2020 9:58,9299,Cash,Completed,
SONAR BANGLA SHOPPING COMPLEX,West Bengal,,SA1207742079924214,S290439092000243,27074,Redmi 8A Dual Midnight Grey 3GB+32GB,1,PRASENJIT BERA,9609268591,,,,30-09-20 20:22,8299,Cash,Completed,
SONAR BANGLA SHOPPING COMPLEX,West Bengal,,SA1207732100835502,S290439092000242,27877,Redmi Note 9 Pebble Grey 4GB+128GB,1,GOBINDA SENAPATI,7477372842,,,,30-09-20 20:19,13499,Cash,Completed,
SONAR BANGLA SHOPPING COMPLEX,West Bengal,,SA1207742098329728,S290439092000241,26970,Redmi 8A Dual Sky White 3GB+32GB,1,BAPI BARMAN,9732936609,,,,30-09-20 20:14,8299,Cash,Completed,
SONAR BANGLA SHOPPING COMPLEX,West Bengal,,SA1207732100836802,S290439092000240,29448,Redmi 8A Dual Midnight Grey 2GB+32GB,1,tufan da,9732680959,,,,30-09-20 20:11,7499,Cash,Completed,
SONAR BANGLA SHOPPING COMPLEX,West Bengal,,SA1207742085517624,S290439092000239,29443,Redmi 8A Dual Sea Blue 2GB+32GB,1,TAPAN BERA,9002226037,,,,30-09-20 20:09,7499,Cash,Completed,
SONAR BANGLA SHOPPING COMPLEX,West Bengal,,SA1207732079387107,S290439092000238,29446,Redmi 8A Dual Sky White 2GB+32GB,1,SANJU JANA,7384802905,,,,30-09-20 20:07,7499,Cash,Completed,
SONAR BANGLA SHOPPING COMPLEX,West Bengal,,SA1207732067797106,S290439092000237,28659,Redmi 9 Prime Mint Green 4GB+128GB,1,PRITAM ADAK,6296434219,,,,30-09-20 20:00,11999,Cash,Completed,
SONAR BANGLA SHOPPING COMPLEX,West Bengal,,SA1207732108582408,S290439092000236,27877,Redmi Note 9 Pebble Grey 4GB+128GB,1,AVIJIT BERA,6294728121,,,,30-09-20 19:55,13499,Cash,Completed,
SONAR BANGLA SHOPPING COMPLEX,West Bengal,,SA1207742079268320,S290439092000235,27261,Redmi Note 9 Pro Glacier White 6GB+128GB,1,J OSHNA  ADHIKARY,7432016735,,,,30-09-20 19:52,16999,Cash,Completed,
SONAR BANGLA SHOPPING COMPLEX,West Bengal,,SA1207742098334628,S290439092000234,29441,Redmi 8 Ruby Red 4GB+64GB,1,HARAPRASAD MAITY,7384826198,,,,30-09-20 19:47,9999,Cash,Completed,
SONAR BANGLA SHOPPING COMPLEX,West Bengal,,SA1207742100460017,S290439092000233,29443,Redmi 8A Dual Sea Blue 2GB+32GB,1,sandip bera,7407346175,,,,30-09-20 19:43,7499,Cash,Completed,
SONAR BANGLA SHOPPING COMPLEX,West Bengal,,SA1207732067527007,,27880,Redmi Note 9 Aqua Green 6GB+128GB,1,SAHEB MAITY,9932314156,,,,30-09-20 19:31,14999,Wallet,Closed,
SONAR BANGLA SHOPPING COMPLEX,West Bengal,,SA1207742099334709,S290439092000232,25265,Redmi Note 8 Space Black 4GB+64GB,1,PURNA ADHIKARY,8348003431,,,,30-09-20 18:32,12499,Cash,Completed,
SONAR BANGLA SHOPPING COMPLEX,West Bengal,,SA1207742106613030,S290439092000231,25265,Redmi Note 8 Space Black 4GB+64GB,1,PAYEL DAS,9831700327,,,,30-09-20 18:21,12499,Cash,Completed,
SONAR BANGLA SHOPPING COMPLEX,West Bengal,,SA1207742106217327,S290439092000230,29441,Redmi 8 Ruby Red 4GB+64GB,1,SUDIP,8158998185,,,,30-09-20 18:17,9999,Cash,Completed,
SONAR BANGLA SHOPPING COMPLEX,West Bengal,,SA1207742098351828,S290439092000229,27260,Redmi Note 9 Pro Interstellar Black 6GB+128GB,1,PRITAM DAS,7001194646,,,,30-09-20 18:12,16999,Cash,Completed,
SONAR BANGLA SHOPPING COMPLEX,West Bengal,,SA1207722100445409,S290439092000228,29441,Redmi 8 Ruby Red 4GB+64GB,1,SUVAJIT MAITY,8609496916,,,,30-09-20 18:05,9999,Cash,Completed,
SONAR BANGLA SHOPPING COMPLEX,West Bengal,,SA1207732067412215,S290439092000227,27876,Redmi Note 9 Aqua Green 4GB+128GB,1,SANJOY MAITY,9933373883,,,,30-09-20 18:02,13499,Cash,Completed,
SONAR BANGLA SHOPPING COMPLEX,West Bengal,,SA1207742079030421,S290439092000226,30244,Redmi 9 Prime Matte Black 4GB+64GB,1,SK TAYSEN ALI,7365957660,taysenali99@gmail.com,,,30-09-20 16:55,9999,Cash,Completed,
SONAR BANGLA SHOPPING COMPLEX,West Bengal,,SA1207722082143822,S290439092000225,26970,Redmi 8A Dual Sky White 3GB+32GB,1,LATA BARMAN,9635339884,anupmaity7427@gmail.com,,,30-09-20 13:04,8299,Cash,Completed,
SONAR BANGLA SHOPPING COMPLEX,West Bengal,,SA1207722132499930,S290439092000224,30251,Redmi 9 Prime Matte Black 4GB+128GB,1,SOUMYADEEP GHORAI,9800548494,soumyadip.ghorai100@gmail.com,,,30-09-20 11:00,11999,Cash,Completed,
SONAR BANGLA SHOPPING COMPLEX,West Bengal,,SA1207722082554124,S290439092000223,20262,Mi Sports Bluetooth Earphones Basic Black,1,JOYDEEP GHORAI,9733833382,,,,30-09-20 9:47,1299,Cash,Completed,
SONAR BANGLA SHOPPING COMPLEX,West Bengal,,SA1207722147652020,S290439092000222,27386,Redmi Note 9 Pro Max Aurora Blue 8GB+128GB,1,SANTANU ADHIKARY,7908576539,,,,30-09-20 9:36,19999,Cash,Completed,
SONAR BANGLA SHOPPING COMPLEX,West Bengal,,SA1207722100494809,S290439092000221,28165,Redmi Note 9 Pro Glacier White 4GB+128GB,1,KRISHNA DAS,7003903275,,,,30-09-20 9:11,15999,Cash,Completed,
SONAR BANGLA SHOPPING COMPLEX,West Bengal,,SA1207722082554224,S290439092000220,27880,Redmi Note 9 Aqua Green 6GB+128GB,1,MONORANJAN BHANJA,8906366168,,,,30-09-20 9:04,14999,Cash,Completed,
SONAR BANGLA SHOPPING COMPLEX,West Bengal,,SA1207732108649008,S290439092000219,27880,Redmi Note 9 Aqua Green 6GB+128GB,1,PRITAM DAS,8768020080,,,,30-09-20 8:54,14999,Cash,Completed,
SONAR BANGLA SHOPPING COMPLEX,West Bengal,,SA1207732079729206,S290439092000218,17899,Mi Travel Backpack Blue,1,SOMA PRAMANIK,6294585883,,,,29-09-20 19:07,1999,Cash,Completed,
SONAR BANGLA SHOPPING COMPLEX,West Bengal,,SA1207732067603807,S290439092000217,27382,Redmi Note 9 Pro Max Aurora Blue 6GB+128GB,1,SRIBAS GHARA,9679013654,srubasghara04@gmail.com,,,29-09-20 18:50,18499,Cash,Completed,
SONAR BANGLA SHOPPING COMPLEX,West Bengal,,SA1207722147396730,S290439092000216,21025,Mi Micro USB Braided Cable 100cm(Black),1,MANTU,8016775995,,,,29-09-20 18:10,249,Cash,Completed,
SONAR BANGLA SHOPPING COMPLEX,West Bengal,,SA1207712005596129,S290439092000215,26598,Redmi 10000mAh Power Bank Black,1,MAHADEB ADHIKARY,8927004026,mahadebadhikary1994@gmail.com,,,29-09-20 16:37,718,Cash,Completed,
SONAR BANGLA SHOPPING COMPLEX,West Bengal,,SA1207722100558509,S290439092000214,25264,Redmi Note 8 Neptune Blue 4GB+64GB,1,MAHADEB ADHIKARY,8927004026,mahadebadhikary1994@gamil.com,,,29-09-20 10:48,11999,Cash,Completed,
SONAR BANGLA SHOPPING COMPLEX,West Bengal,,SA1207712112773129,S290439092000213,30251,Redmi 9 Prime Matte Black 4GB+128GB,1,PURNA  CHANDRA DHARA,6294514421,manikbag400@gmail.com,,,28-09-20 19:35,11999,Cash,Completed,
SONAR BANGLA SHOPPING COMPLEX,West Bengal,,SA1207722100030714,S290439092000212,30251,Redmi 9 Prime Matte Black 4GB+128GB,1,PAPPU KAR,9732749044,pappukar9732@gmail.com,,,28-09-20 18:58,11999,Cash,Completed,
SONAR BANGLA SHOPPING COMPLEX,West Bengal,,SA1207712005784819,S290439092000211,30249,Redmi 9 Prime Mint Green 4GB+128GB,1,RAJENDRA KUMAR KHNRA,8972831035,rajukhannra@gmail.com,,,28-09-20 18:32,11999,Cash,Completed,
SONAR BANGLA SHOPPING COMPLEX,West Bengal,,SA1207702078429908,S290439092000210,27382,Redmi Note 9 Pro Max Aurora Blue 6GB+128GB,1,SHANTANU DUTTA,8348514549,santanudatta21@gmail.com,,,28-09-20 18:12,18499,Cash,Completed,
SONAR BANGLA SHOPPING COMPLEX,West Bengal,,SA1207692094342931,S290439092000209,28356,Mi USB Type C Cable Black,1,soumitra das,8641021585,,,,28-09-20 12:17,648,Cash,Completed,
SONAR BANGLA SHOPPING COMPLEX,West Bengal,,SA1207702107952128,S290439092000208,24695,Mi Smart Band 4 Strap ( Compatible with Mi Band 3) Graphite Black,1,RAJIV JANA,8116317999,,,,27-09-20 17:06,249,Cash,Completed,
SONAR BANGLA SHOPPING COMPLEX,West Bengal,,SA1207702106549818,S290439092000207,17062,Mi Rollerball Pen White,1,ABHISEKH  PARAI,9083808976,,,,27-09-20 15:23,179,Cash,Completed,
SONAR BANGLA SHOPPING COMPLEX,West Bengal,,SA1207702077092628,S290439092000206,30122,Redmi 9A Sea Blue 2GB+32GB,1,arun pramanik,9874851261,,,,27-09-20 14:44,6799,Cash,Completed,
SONAR BANGLA SHOPPING COMPLEX,West Bengal,,SA1207712005053711,S290439092000205,27074,Redmi 8A Dual Midnight Grey 3GB+32GB,1,NITAI MAJI,9733659298,,,,27-09-20 12:54,8299,Cash,Completed,
SONAR BANGLA SHOPPING COMPLEX,West Bengal,,SA1207692094789001,S290439092000204,25263,Redmi Note 8 Moonlight White 4GB+64GB,1,RANJAN PATTANAYAK,9002623207,ritampattanayak@gmail.com,,,27-09-20 11:29,12499,Cash,Completed,
SONAR BANGLA SHOPPING COMPLEX,West Bengal,,SA1207702107849626,S290439092000203,23794,Mi 2A Fast Charger with Cable Black,1,arun mani,6234585889,,,,27-09-20 9:53,449,Cash,Completed,
SONAR BANGLA SHOPPING COMPLEX,West Bengal,,SA1207692094519620,S290439092000202,23794,Mi 2A Fast Charger with Cable Black,1,raja,8918844772,,,,27-09-20 9:52,449,Cash,Completed,
SONAR BANGLA SHOPPING COMPLEX,West Bengal,,SA1207692107179525,S290439092000201,23794,Mi 2A Fast Charger with Cable Black,1,arun jana,9091516055,,,,27-09-20 9:51,449,Cash,Completed,
SONAR BANGLA SHOPPING COMPLEX,West Bengal,,SA1207692107053704,S290439092000200,30244,Redmi 9 Prime Matte Black 4GB+64GB,1,ANSHUMAN PATTANAYAK,9734343329,anshumanpattanayak8@gmail.com,,,26-09-20 20:24,9999,Cash,Completed,
SONAR BANGLA SHOPPING COMPLEX,West Bengal,,SA1207692088248117,S290439092000199,23867,Mi 27W Superfast Charger (SonicCharge Adapter) white,1,ATANU MAITY,9635755904,,,,26-09-20 20:20,549,Cash,Completed,
SONAR BANGLA SHOPPING COMPLEX,West Bengal,,SA1207702112062312,S290439092000198,23867,Mi 27W Superfast Charger (SonicCharge Adapter) white,1,paramita manna,7001233048,,,,26-09-20 20:18,549,Cash,Completed,
SONAR BANGLA SHOPPING COMPLEX,West Bengal,,SA1207692106054223,S290439092000197,30244,Redmi 9 Prime Matte Black 4GB+64GB,1,SINDHU,8918958622,,,,26-09-20 20:09,9999,Cash,Completed,
SONAR BANGLA SHOPPING COMPLEX,West Bengal,,SA1207702077392232,S290439092000196,27882,Redmi Note 9 Arctic White 6GB+128GB,1,SIBNATH MANNA,8927816200,,,,26-09-20 19:17,14999,Cash,Completed,
SONAR BANGLA SHOPPING COMPLEX,West Bengal,,SA1207702077258709,S290439092000195,28356,Mi USB Type C Cable Black,1,KARPAPPU KAR,9732749044,,,,26-09-20 19:08,648,Cash,Completed,
SONAR BANGLA SHOPPING COMPLEX,West Bengal,,SA1207702107328824,S290439092000194,23794,Mi 2A Fast Charger with Cable Black,1,BITTU DA,9933221166,,,,26-09-20 18:54,449,Cash,Completed,
SONAR BANGLA SHOPPING COMPLEX,West Bengal,,SA1207702077929713,S290439092000193,23794,Mi 2A Fast Charger with Cable Black,1,SUKAMAL SAMANTA,9800985566,,,,26-09-20 18:52,449,Cash,Completed,
SONAR BANGLA SHOPPING COMPLEX,West Bengal,,SA1207702077535203,S290439092000192,30251,Redmi 9 Prime Matte Black 4GB+128GB,1,ADWAITA GOSWAMI,9734685807,adwaitagoswami444@gmail.com,,,26-09-20 18:03,11999,Cash,Completed,
SONAR BANGLA SHOPPING COMPLEX,West Bengal,,SA1207702077008826,S290439092000191,25264,Redmi Note 8 Neptune Blue 4GB+64GB,1,DILIP RANA,6295739804,,,,26-09-20 16:49,12499,Cash,Completed,
SONAR BANGLA SHOPPING COMPLEX,West Bengal,,SA1207692106102023,S290439092000190,30245,Redmi 9 Prime Space Blue 4GB+64GB,1,SUSOVAN SAMANTA,7699355680,susovan3samanta@gmail.com,,,26-09-20 12:15,9999,Cash,Completed,
SONAR BANGLA SHOPPING COMPLEX,West Bengal,,SA1207682085014832,S290439092000189,30245,Redmi 9 Prime Space Blue 4GB+64GB,1,ARPITA DEY MISTRY,9775609949,susantaadhishree@gmail.com,,,26-09-20 11:04,9999,Cash,Completed,
SONAR BANGLA SHOPPING COMPLEX,West Bengal,,SA1207682086295326,S290439092000188,27319,Mi Beard Trimmer 1C Black,1,SAHEB MAITY,9932314156,iamsaheb98@gmail.com,,,25-09-20 19:02,999,Cash,Completed,
SONAR BANGLA SHOPPING COMPLEX,West Bengal,,SA1207692094334930,S290439092000187,27074,Redmi 8A Dual Midnight Grey 3GB+32GB,1,LAXMAN MANDAL,9832763817,navendu641@gmail.com,,,25-09-20 18:06,8299,Cash,Completed,
SONAR BANGLA SHOPPING COMPLEX,West Bengal,,SA1207682096996704,S290439092000186,27074,Redmi 8A Dual Midnight Grey 3GB+32GB,1,RAGHUNANDAN HAZRA,8336920837,,,,25-09-20 14:38,8299,Cash,Completed,
SONAR BANGLA SHOPPING COMPLEX,West Bengal,,SA1207682051672814,S290439092000185,28658,Redmi 9 Prime Matte Black 4GB+64GB,1,SYAMAL BHOWMIK,8768466234,,,,25-09-20 8:47,9999,Cash,Completed,
SONAR BANGLA SHOPPING COMPLEX,West Bengal,,SA1207682052408623,S290439092000184,28658,Redmi 9 Prime Matte Black 4GB+64GB,1,s das,7797193419,,,,25-09-20 8:06,9999,Cash,Completed,
SONAR BANGLA SHOPPING COMPLEX,West Bengal,,SA1207672102020615,S290439092000183,30239,Redmi 9i Nature Green 4GB+128GB,1,ANKITA KARMAKAR,6291465150,,,,24-09-20 21:17,9299,Cash,Completed,
SONAR BANGLA SHOPPING COMPLEX,West Bengal,,SA1207682051418022,S290439092000182,30239,Redmi 9i Nature Green 4GB+128GB,1,ABHISEKH  PARAI,9083808976,,,,24-09-20 21:15,9299,Cash,Completed,
SONAR BANGLA SHOPPING COMPLEX,West Bengal,,SA1207672096093617,S290439092000181,30239,Redmi 9i Nature Green 4GB+128GB,1,RATAN KARMAKAR,7872007475,,,,24-09-20 21:11,9299,Cash,Completed,
SONAR BANGLA SHOPPING COMPLEX,West Bengal,,SA1207682052410623,S290439092000180,30240,Redmi 9i Nature Green 4GB+64GB,1,KARTIK JANA,9933606799,,,,24-09-20 21:08,8299,Cash,Completed,
SONAR BANGLA SHOPPING COMPLEX,West Bengal,,SA1207672059410729,S290439092000179,30235,Redmi 9i Midnight Black 4GB+64GB,1,SHAYM MANNA,8970052477,,,,24-09-20 21:04,8299,Cash,Completed,
SONAR BANGLA SHOPPING COMPLEX,West Bengal,,SA1207672102829927,S290439092000178,28321,Redmi Earphones Black,1,SK NASIM ALI,9609862843,,,,24-09-20 20:17,399,Cash,Completed,
SONAR BANGLA SHOPPING COMPLEX,West Bengal,,SA1207672102834827,S290439092000177,27074,Redmi 8A Dual Midnight Grey 3GB+32GB,1,SUBRATA MAITY,9635327869,avisekmaity2017@gmail.com,,,24-09-20 19:21,8299,Cash,Completed,
SONAR BANGLA SHOPPING COMPLEX,West Bengal,,SA1207682051168824,S290439092000176,28658,Redmi 9 Prime Matte Black 4GB+64GB,1,KRISNA JANA,9734523117,tusharjana079@gmail.com,,,24-09-20 18:24,9999,Cash,Completed,
SONAR BANGLA SHOPPING COMPLEX,West Bengal,,SA1207672079913515,S290439092000175,28322,Redmi Earphones Red,1,SUAMAN SINGHA,7501862816,,,,24-09-20 13:30,399,Cash,Completed,
SONAR BANGLA SHOPPING COMPLEX,West Bengal,,SA1207662110843109,S290439092000174,27074,Redmi 8A Dual Midnight Grey 3GB+32GB,1,DHUBA PRASAD PAL,9735708064,,,,24-09-20 11:48,8299,Cash,Completed,
SONAR BANGLA SHOPPING COMPLEX,West Bengal,,SA1207662109594128,S290439092000173,22004,Mi Super Bass Wireless Headphones,1,SUMAN BERA,8372900065,,,,24-09-20 11:21,1799,Cash,Completed,
SONAR BANGLA SHOPPING COMPLEX,West Bengal,,SA1207672097423020,S290439092000172,21025,Mi Micro USB Braided Cable 100cm(Black),1,DEBASISH DAS,7001078978,,,,24-09-20 10:13,798,Cash,Completed,
SONAR BANGLA SHOPPING COMPLEX,West Bengal,,SA1207662072157026,S290439092000171,23502,Redmi K20 Pro Glacier Blue 6GB+128GB,1,SANATAN MAJI,8759200900,,,,23-09-20 18:14,22999,Cash,Completed,
SONAR BANGLA SHOPPING COMPLEX,West Bengal,,SA1207662110877109,S290439092000170,28321,Redmi Earphones Black,1,UTTAM BALA,9735390369,,,,23-09-20 17:36,399,Cash,Completed,
SONAR BANGLA SHOPPING COMPLEX,West Bengal,,SA1207672102383607,S290439092000169,30122,Redmi 9A Sea Blue 2GB+32GB,1,DIPAK DAS,7501623574,iamdipakdas8401@gmail.com,,,23-09-20 16:48,6799,Cash,Completed,
SONAR BANGLA SHOPPING COMPLEX,West Bengal,,SA1207652095982324,S290439092000168,20270,Mi Compact Bluetooth Speaker 2,1,BIKASH,7004940493,,,,22-09-20 20:41,799,Cash,Completed,
SONAR BANGLA SHOPPING COMPLEX,West Bengal,,SA1207662072480102,S290439092000167,30122,Redmi 9A Sea Blue 2GB+32GB,1,SOUMYADIP ADAK,6294385292,soumyadip28adak@gmail.com,,,22-09-20 20:31,6799,Cash,Completed,
SONAR BANGLA SHOPPING COMPLEX,West Bengal,,SA1207662110388604,S290439092000166,28322,Redmi Earphones Red,1,A RAHAMAN,9800423686,,,,22-09-20 18:44,399,Cash,Completed,
SONAR BANGLA SHOPPING COMPLEX,West Bengal,,SA1207662072495202,S290439092000165,27074,Redmi 8A Dual Midnight Grey 3GB+32GB,1,SK ABBAS,8327613954,,,,22-09-20 18:04,8299,Cash,Completed,
SONAR BANGLA SHOPPING COMPLEX,West Bengal,,SA1207652057586427,S290439092000164,27074,Redmi 8A Dual Midnight Grey 3GB+32GB,1,SURAJIT SAMANTA,9564360161,,,,22-09-20 12:32,8299,Cash,Completed,
SONAR BANGLA SHOPPING COMPLEX,West Bengal,,SA1207652095378001,S290439092000163,28655,Redmi 9 Prime Mint Green 4GB+64GB,1,SONA DA,9732309393,,,,22-09-20 10:20,9999,Cash,Completed,
SONAR BANGLA SHOPPING COMPLEX,West Bengal,,SA1207652046305419,S290439092000162,28165,Redmi Note 9 Pro Glacier White 4GB+128GB,1,MITHU MAITY,8768373803,,,,21-09-20 20:50,15999,Cash,Completed,
SONAR BANGLA SHOPPING COMPLEX,West Bengal,,SA1207642061932515,S290439092000161,27878,Redmi Note 9 Scarlet Red 4GB+128GB,1,SRIMANTA MAITY,9378371629,srimantaana@gmail.com,,,21-09-20 15:39,13499,Cash,Completed,
SONAR BANGLA SHOPPING COMPLEX,West Bengal,,SA1207632112852103,S290439092000160,27876,Redmi Note 9 Aqua Green 4GB+128GB,1,SAGAR CHAKRABORT,7872227527,sagarchakrabortysana2@gmail.com,,,21-09-20 15:10,13499,Cash,Completed,
SONAR BANGLA SHOPPING COMPLEX,West Bengal,,SA1207642061552511,S290439092000159,25264,Redmi Note 8 Neptune Blue 4GB+64GB,1,JAGADISH CHANDRA SAMANTA,8016509099,,,,21-09-20 11:12,12499,Cash,Completed,
SONAR BANGLA SHOPPING COMPLEX,West Bengal,,SA1207642072442311,S290439092000158,28356,Mi USB Type C Cable Black,1,sourav das,7384674317,,,,21-09-20 11:01,199,Cash,Completed,
SONAR BANGLA SHOPPING COMPLEX,West Bengal,,SA1207642072178013,S290439092000157,30124,Redmi 9A Nature Green 2GB+32GB,1,GOBINDA ACHARYA,9775003573,,,,20-09-20 19:56,6799,Cash,Completed,
SONAR BANGLA SHOPPING COMPLEX,West Bengal,,SA1207632088948422,S290439092000156,30122,Redmi 9A Sea Blue 2GB+32GB,1,LAXMIKANTA MAITY,9716734072,,,,20-09-20 19:40,6799,Cash,Completed,
SONAR BANGLA SHOPPING COMPLEX,West Bengal,,SA1207622100363129,S290439092000155,23503,Redmi K20 Pro Carbon Black 6GB+128GB,1,SURAJIT METYA,8172091318,surajitmetya555@gmail.com,,,20-09-20 19:07,22999,Cash,Completed,
SONAR BANGLA SHOPPING COMPLEX,West Bengal,,SA1207642061702712,S290439092000154,27882,Redmi Note 9 Arctic White 6GB+128GB,1,SHARAT MAITY,8972429797,sibnathm98@gmail.com,,,20-09-20 17:13,14999,Cash,Completed,
SONAR BANGLA SHOPPING COMPLEX,West Bengal,,SA1207632088296820,S290439092000153,28321,Redmi Earphones Black,1,PARTHA SARATHI ROY,9836827944,partha25203.ray@gmail.com,,,20-09-20 16:47,399,Cash,Completed,
SONAR BANGLA SHOPPING COMPLEX,West Bengal,,SA1207632112234224,S290439092000152,29454,Redmi 9 Sky Blue 4GB+64GB,1,RAMKRISHNA MAITY,8515012744,ramkrishnamaity051@gmail.com,,,20-09-20 14:53,8999,Cash,Completed,
SONAR BANGLA SHOPPING COMPLEX,West Bengal,,SA1207622107764126,S290439092000151,22352,20000mAh Mi Power Bank 2i Black,1,tirthankar bhowmik,8145974172,,,,20-09-20 10:05,1599,Cash,Completed,
SONAR BANGLA SHOPPING COMPLEX,West Bengal,,SA1207632113683032,S290439092000150,23148,Mi Neckband Bluetooth Earphones,1,SUMIT DEBNATH,9153215161,,,,19-09-20 20:13,1599,Cash,Completed,
SONAR BANGLA SHOPPING COMPLEX,West Bengal,,SA1207632112401204,S290439092000149,28165,Redmi Note 9 Pro Glacier White 4GB+128GB,1,PRASANTA SINHA,8537004725,prasantasinha5116@gmail.com,,,19-09-20 19:07,15999,Cash,Completed,
SONAR BANGLA SHOPPING COMPLEX,West Bengal,,SA1207632090367521,S290439092000148,23964,Mi 2-in-1 USB Cable (Micro USB to Type C) 100cm Black,1,SUNHADIP SAMANTA,7797410330,,,,19-09-20 18:17,249,Cash,Completed,
SONAR BANGLA SHOPPING COMPLEX,West Bengal,,SA1207612107280504,S290439092000147,27881,Redmi Note 9 Pebble Grey 6GB+128GB,1,tapas gantait,9564896941,tapasgantait@gmail.com,,,19-09-20 12:38,14999,Cash,Completed,
SONAR BANGLA SHOPPING COMPLEX,West Bengal,,SA1207612114709230,S290439092000146,29342,Redmi 9 Carbon Black 4GB+64GB,1,DEBU KHANRA,9733099764,,,,18-09-20 20:00,8999,Cash,Completed,
SONAR BANGLA SHOPPING COMPLEX,West Bengal,,SA1207622072385012,S290439092000145,27877,Redmi Note 9 Pebble Grey 4GB+128GB,1,ABDUL HANIF,7318921506,,,,18-09-20 19:18,13499,Cash,Completed,
SONAR BANGLA SHOPPING COMPLEX,West Bengal,,SA1207612113598531,S290439092000144,27074,Redmi 8A Dual Midnight Grey 3GB+32GB,1,SAYAN BHOWMIK,9932778116,sayanbhoumik44@gmail.com,,,18-09-20 18:04,8299,Cash,Completed,
SONAR BANGLA SHOPPING COMPLEX,West Bengal,,SA1207602113066416,S290439092000143,27074,Redmi 8A Dual Midnight Grey 3GB+32GB,1,UTTAM FADIKAR,8016423601,,,,18-09-20 17:15,8299,Cash,Completed,
SONAR BANGLA SHOPPING COMPLEX,West Bengal,,SA1207612114613410,S290439092000142,27876,Redmi Note 9 Aqua Green 4GB+128GB,1,SANJAY KUMAR SINGHA,8001279295,singhasanjay687@gmail.com,,,18-09-20 16:44,13499,Cash,Completed,
SONAR BANGLA SHOPPING COMPLEX,West Bengal,,SA1207612094988724,S290439092000141,27874,Redmi Note 9 Scarlet Red 4GB+64GB,1,SUBRATA KUMAR KAYET,9609388506,subkayet@gmail.com,,,18-09-20 11:58,11999,Cash,Completed,
SONAR BANGLA SHOPPING COMPLEX,West Bengal,,SA1207602113106216,S290439092000140,21025,Mi Micro USB Braided Cable 100cm(Black),1,SAJAHAN KHAN,7978172540,,,,18-09-20 10:05,249,Cash,Completed,
SONAR BANGLA SHOPPING COMPLEX,West Bengal,,SA1207612114779630,S290439092000139,23744,Mi Smart Band 4 Black,1,BASUDEB MAITY,9051718650,,,,18-09-20 9:58,2299,Cash,Completed,
SONAR BANGLA SHOPPING COMPLEX,West Bengal,,SA1207612114532131,S290439092000138,22352,20000mAh Mi Power Bank 2i Black,1,SWAPAN BERA,9679804478,,,,18-09-20 8:30,1599,Cash,Completed,
SONAR BANGLA SHOPPING COMPLEX,West Bengal,,SA1207602079984616,S290439092000137,23631,Mi Smart Band 3i Black,1,SUBHENDU MONDAL,9732936609,,,,17-09-20 20:52,1299,Cash,Completed,
SONAR BANGLA SHOPPING COMPLEX,West Bengal,,SA1207602103980804,S290439092000136,27876,Redmi Note 9 Aqua Green 4GB+128GB,1,SUBHENDU PRAMANIK,8159889061,subhensdupramanik@gmail.com,,,17-09-20 19:14,13499,Cash,Completed,
SONAR BANGLA SHOPPING COMPLEX,West Bengal,,SA1207602079868019,S290439092000135,28321,Redmi Earphones Black,1,SUMAN SEKHAR PAL,7076252920,,,,17-09-20 17:50,399,Cash,Completed,
SONAR BANGLA SHOPPING COMPLEX,West Bengal,,SA1207602114007716,S290439092000134,22198,Mi Beard Trimmer,1,PRITAM SAHOO,8972652190,sahoopritam21@gamil.com,,,17-09-20 17:12,1399,Cash,Completed,
SONAR BANGLA SHOPPING COMPLEX,West Bengal,,SA1207602079330311,S290439092000133,29783,Redmi Note 9 Pebble Grey 4GB+64GB,1,SUBRATA ADHIKARY,8074837863,subrataadhikary0000@gmail.com,,,17-09-20 17:04,11999,Cash,Completed,
SONAR BANGLA SHOPPING COMPLEX,West Bengal,,SA1207612114567731,S290439092000132,30124,Redmi 9A Nature Green 2GB+32GB,1,rakesh,9831700327,,,,17-09-20 14:43,6799,Cash,Completed,
SONAR BANGLA SHOPPING COMPLEX,West Bengal,,SA1207602006010004,S290439092000131,28942,Redmi 9A Sea Blue 2GB+32GB,1,dipak,9874283839,,,,17-09-20 14:42,6799,Cash,Completed,
SONAR BANGLA SHOPPING COMPLEX,West Bengal,,SA1207592079549230,S290439092000130,28947,Redmi 9A Midnight Black 2GB+32GB,1,sandip bera,7407346175,,,,17-09-20 14:41,6799,Cash,Completed,
SONAR BANGLA SHOPPING COMPLEX,West Bengal,,SA1207592103479823,S290439092000129,28947,Redmi 9A Midnight Black 2GB+32GB,1,ram,8116282545,,,,17-09-20 14:39,6799,Cash,Completed,
SONAR BANGLA SHOPPING COMPLEX,West Bengal,,SA1207602079886319,S290439092000128,28947,Redmi 9A Midnight Black 2GB+32GB,1,mona,8906366168,,,,17-09-20 14:39,6799,Cash,Completed,
SONAR BANGLA SHOPPING COMPLEX,West Bengal,,SA1207602079212805,S290439092000127,28942,Redmi 9A Sea Blue 2GB+32GB,1,sk siraj,7047902099,,,,17-09-20 14:37,6799,Cash,Completed,
SONAR BANGLA SHOPPING COMPLEX,West Bengal,,SA1207602079743507,S290439092000126,30124,Redmi 9A Nature Green 2GB+32GB,1,bapi mondal,9932313340,,,,17-09-20 14:36,6799,Cash,Completed,
SONAR BANGLA SHOPPING COMPLEX,West Bengal,,SA1207602114019116,S290439092000125,28947,Redmi 9A Midnight Black 2GB+32GB,1,monimala bera,8013188254,,,,17-09-20 14:35,6799,Cash,Completed,
SONAR BANGLA SHOPPING COMPLEX,West Bengal,,SA1207592103090421,S290439092000124,28947,Redmi 9A Midnight Black 2GB+32GB,1,gopal chokroborty,6294585882,,,,17-09-20 14:34,6799,Cash,Completed,
SONAR BANGLA SHOPPING COMPLEX,West Bengal,,SA1207602079081112,S290439092000123,28947,Redmi 9A Midnight Black 2GB+32GB,1,raju midya,8918958677,,,,17-09-20 14:33,6799,Cash,Completed,
SONAR BANGLA SHOPPING COMPLEX,West Bengal,,SA1207552100977210,S290439092000122,30124,Redmi 9A Nature Green 2GB+32GB,1,arun jana,9091516055,,,,17-09-20 14:32,6799,Cash,Completed,
SONAR BANGLA SHOPPING COMPLEX,West Bengal,,SA1207602006682008,S290439092000121,28947,Redmi 9A Midnight Black 2GB+32GB,1,puja bose,9734455661,,,,17-09-20 14:31,6799,Cash,Completed,
SONAR BANGLA SHOPPING COMPLEX,West Bengal,,SA1207602078336805,S290439092000120,28947,Redmi 9A Midnight Black 2GB+32GB,1,paramita manna,7001233048,,,,17-09-20 14:30,6799,Cash,Completed,
SONAR BANGLA SHOPPING COMPLEX,West Bengal,,SA1207602109384732,S290439092000119,30121,Redmi 9A Nature Green 3GB+32GB,1,dolon pramanik,891884477,,,,17-09-20 14:29,7499,Cash,Completed,
SONAR BANGLA SHOPPING COMPLEX,West Bengal,,SA1207602109650226,S290439092000118,30125,Redmi 9A Sea Blue 3GB+32GB,1,sourav manna,8918958523,,,,17-09-20 14:28,7499,Cash,Completed,
SONAR BANGLA SHOPPING COMPLEX,West Bengal,,SA1207612114163829,S290439092000117,30125,Redmi 9A Sea Blue 3GB+32GB,1,rajat malik,9734188257,,,,17-09-20 14:27,7499,Cash,Completed,
SONAR BANGLA SHOPPING COMPLEX,West Bengal,,SA1207592079289210,S290439092000116,28942,Redmi 9A Sea Blue 2GB+32GB,1,soumitra,9932314155,,,,17-09-20 14:26,6799,Cash,Completed,
SONAR BANGLA SHOPPING COMPLEX,West Bengal,,SA1207602006553426,S290439092000115,28947,Redmi 9A Midnight Black 2GB+32GB,1,argha,7047902161,,,,17-09-20 14:24,6799,Cash,Completed,
SONAR BANGLA SHOPPING COMPLEX,West Bengal,,SA1207592102073125,S290439092000114,28947,Redmi 9A Midnight Black 2GB+32GB,1,RAHUL HAIT,8016631343,rahulhait2013@gmail.com,,,17-09-20 11:34,6799,Cash,Completed,
SONAR BANGLA SHOPPING COMPLEX,West Bengal,,SA1207602114039416,S290439092000113,28947,Redmi 9A Midnight Black 2GB+32GB,1,SUJOY,8001325767,,,,17-09-20 11:11,6799,Cash,Completed,
SONAR BANGLA SHOPPING COMPLEX,West Bengal,,SA1207592109001524,S290439092000112,30124,Redmi 9A Nature Green 2GB+32GB,1,DIPAK,7047902061,,,,17-09-20 11:08,7499,Cash,Completed,
SONAR BANGLA SHOPPING COMPLEX,West Bengal,,SA1207602079908619,S290439092000111,30125,Redmi 9A Sea Blue 3GB+32GB,1,monog,9932878580,,,,17-09-20 11:07,7499,Cash,Completed,
SONAR BANGLA SHOPPING COMPLEX,West Bengal,,SA1207592079174131,S290439092000110,30125,Redmi 9A Sea Blue 3GB+32GB,1,monog,9932878580,,,,17-09-20 11:05,7499,Cash,Completed,
SONAR BANGLA SHOPPING COMPLEX,West Bengal,,SA1207592067674730,S290439092000109,28657,Redmi 9 Prime Sunrise Flare 4GB+64GB,1,KRISHNA,8013188574,,,,17-09-20 9:55,9999,Cash,Completed,
SONAR BANGLA SHOPPING COMPLEX,West Bengal,,SA1207592079846201,S290439092000108,28657,Redmi 9 Prime Sunrise Flare 4GB+64GB,1,SONU JANA,9091516053,,,,17-09-20 9:53,9999,Cash,Completed,
SONAR BANGLA SHOPPING COMPLEX,West Bengal,,SA1207592102204221,S290439092000107,29454,Redmi 9 Sky Blue 4GB+64GB,1,TUFAN METYA,9016559047,tufanmetya36@gmail.com,,,17-09-20 9:12,8999,Cash,Completed,
SONAR BANGLA SHOPPING COMPLEX,West Bengal,,SA1207602006576726,S290439092000106,18517,Mi Band 3,1,AMITAVA DAS,8172056231,,,,17-09-20 8:53,1399,Cash,Completed,
SONAR BANGLA SHOPPING COMPLEX,West Bengal,,SA1207592067292431,S290439092000105,29454,Redmi 9 Sky Blue 4GB+64GB,1,VIRTAT KOHLI,9734455663,,,,16-09-20 19:47,8999,Cash,Completed,
SONAR BANGLA SHOPPING COMPLEX,West Bengal,,SA1207602006842713,S290439092000104,28657,Redmi 9 Prime Sunrise Flare 4GB+64GB,1,BIJOY MONDAL,9002917261,palkrishnendu0991@gmail.com,,,16-09-20 18:49,9999,Cash,Completed,
SONAR BANGLA SHOPPING COMPLEX,West Bengal,,SA1207592103400122,S290439092000103,27877,Redmi Note 9 Pebble Grey 4GB+128GB,1,BIJOY MAITY,8158835756,bijoymaity45@gmail.com,,,16-09-20 18:19,13499,Cash,Completed,
SONAR BANGLA SHOPPING COMPLEX,West Bengal,,SA1207602109170404,S290439092000102,27260,Redmi Note 9 Pro Interstellar Black 6GB+128GB,1,ATANU PANJA,9002839428,pattanayaksubham64@gmail.com,,,16-09-20 17:35,16999,Cash,Completed,
SONAR BANGLA SHOPPING COMPLEX,West Bengal,,SA1207582103487211,S290439092000101,30121,Redmi 9A Nature Green 3GB+32GB,1,SAYAN BHOWMIK,7098067929,bhowmiksayan26@gmail.com,,,16-09-20 17:04,7499,Cash,Completed,
SONAR BANGLA SHOPPING COMPLEX,West Bengal,,SA1207592079114417,S290439092000100,27873,Redmi Note 9 Pebble Grey 4GB+64GB,1,SEKH RAKIBUL ALI,8768553235,skrakibul492@gmail.com,,,15-09-20 20:05,11999,Cash,Completed,
SONAR BANGLA SHOPPING COMPLEX,West Bengal,,SA1207572073531420,S290439092000099,27873,Redmi Note 9 Pebble Grey 4GB+64GB,1,ARJUN MAITY,9733729697,majisuman7319@gmail.com,,,15-09-20 16:53,11999,Cash,Completed,
SONAR BANGLA SHOPPING COMPLEX,West Bengal,,SA1207592067383731,S290439092000098,21025,Mi Micro USB Braided Cable 100cm(Black),1,SURAJIT BARMAN,9083484990,,,,15-09-20 16:37,249,Cash,Completed,
SONAR BANGLA SHOPPING COMPLEX,West Bengal,,SA1207572073288610,S290439092000097,27261,Redmi Note 9 Pro Glacier White 6GB+128GB,1,rohit banua,9734557712,,,,15-09-20 13:26,16999,Cash,Completed,
SONAR BANGLA SHOPPING COMPLEX,West Bengal,,SA1207582058883504,S290439092000096,27260,Redmi Note 9 Pro Interstellar Black 6GB+128GB,1,bapi mondal,9932313340,,,,15-09-20 13:24,16999,Cash,Completed,
SONAR BANGLA SHOPPING COMPLEX,West Bengal,,SA1207572073554220,S290439092000095,28168,Redmi Note 9 Pro Max Champagne Gold 6GB+64GB,1,a khzn,9675482214,,,,15-09-20 13:23,16999,Cash,Completed,
SONAR BANGLA SHOPPING COMPLEX,West Bengal,,SA1207582057036421,S290439092000094,30121,Redmi 9A Nature Green 3GB+32GB,1,TANUSREE MAJEE,8927417489,,,,15-09-20 12:40,7499,Cash,Completed,
SONAR BANGLA SHOPPING COMPLEX,West Bengal,,SA1207572073692601,S290439092000093,21025,Mi Micro USB Braided Cable 100cm(Black),1,ANIRBAN GUCHAIT,9635252419,,,,15-09-20 12:36,249,Cash,Completed,
SONAR BANGLA SHOPPING COMPLEX,West Bengal,,SA1207572100908017,S290439092000092,30121,Redmi 9A Nature Green 3GB+32GB,1,PAYEL DAS,8436094095,dasp4025@gmail.com,,,14-09-20 20:26,7499,Cash,Completed,
SONAR BANGLA SHOPPING COMPLEX,West Bengal,,SA1207572073724301,S290439092000091,21059,Mi Router 4C White,1,bapi barman,9564487875,,,,14-09-20 19:22,1099,Cash,Completed,
SONAR BANGLA SHOPPING COMPLEX,West Bengal,,SA1207572073344110,S290439092000090,28161,Redmi Note 9 Pro Champagne Gold 4GB+64GB,1,raju midya,9635755908,,,,14-09-20 15:54,13999,Cash,Completed,
SONAR BANGLA SHOPPING COMPLEX,West Bengal,,SA1207572100812529,S290439092000089,29455,Redmi 9 Sporty Orange 4GB+64GB,1,SAMIR SAHOO,8013188257,,,,14-09-20 15:50,8999,Cash,Completed,
SONAR BANGLA SHOPPING COMPLEX,West Bengal,,SA1207582073881325,S290439092000088,27074,Redmi 8A Dual Midnight Grey 3GB+32GB,1,SONU JANA,9091516053,,,,14-09-20 15:49,8299,Cash,Completed,
SONAR BANGLA SHOPPING COMPLEX,West Bengal,,SA1207572100960217,S290439092000087,27333,Redmi Note 9 Pro Interstellar Black 4GB+64GB,1,SANJU BHUNIA,9547034117,,,,14-09-20 13:33,13999,Cash,Completed,
SONAR BANGLA SHOPPING COMPLEX,West Bengal,,SA1207572072727520,S290439092000086,25077,Mi LED TV 4A Pro 80cm (32) Black,1,MASLEUDDIN,9647016202,dasp4025@gmail.com,,,14-09-20 11:34,12999,Cash,Completed,
SONAR BANGLA SHOPPING COMPLEX,West Bengal,,SA1207572072466010,S290439092000085,29342,Redmi 9 Carbon Black 4GB+64GB,1,MANAS JANA,9732674033,,,,14-09-20 9:53,8999,Cash,Completed,
SONAR BANGLA SHOPPING COMPLEX,West Bengal,,SA1207562099787519,S290439092000084,29342,Redmi 9 Carbon Black 4GB+64GB,1,MANAS JANA,9732674033,,,,14-09-20 9:52,8999,Cash,Completed,
SONAR BANGLA SHOPPING COMPLEX,West Bengal,,SA1207562062763705,S290439092000083,29342,Redmi 9 Carbon Black 4GB+64GB,1,SUKAMAL SAMANTA,9800985566,,,,14-09-20 9:50,8999,Cash,Completed,
SONAR BANGLA SHOPPING COMPLEX,West Bengal,,SA1207552096294628,S290439092000082,24693,Mi Smart Band 4 Strap ( Compatible with Mi Band 3) Wine Red,1,SOURAV SASMAL,8768582895,,,,13-09-20 18:31,249,Cash,Completed,
SONAR BANGLA SHOPPING COMPLEX,West Bengal,,SA1207552072994025,S290439092000081,28942,Redmi 9A Sea Blue 2GB+32GB,1,PURNENDU MANNA,9874851261,,,,13-09-20 14:44,6799,Cash,Completed,
SONAR BANGLA SHOPPING COMPLEX,West Bengal,,SA1207562099127415,S290439092000080,28947,Redmi 9A Midnight Black 2GB+32GB,1,PRASENJIT PRAMANIK,9874851261,,,,13-09-20 14:42,6799,Cash,Completed,
SONAR BANGLA SHOPPING COMPLEX,West Bengal,,SA1207562062518913,S290439092000079,28947,Redmi 9A Midnight Black 2GB+32GB,1,ARUN PRAMANIK,9874851261,,,,13-09-20 14:40,6799,Cash,Completed,
SONAR BANGLA SHOPPING COMPLEX,West Bengal,,SA1207572073007917,S290439092000078,23502,Redmi K20 Pro Glacier Blue 6GB+128GB,1,ABHISEK SAHOO,7679123456,,,,13-09-20 14:06,22999,Cash,Completed,
SONAR BANGLA SHOPPING COMPLEX,West Bengal,,SA1207562099285006,S290439092000077,23794,Mi 2A Fast Charger with Cable Black,1,DIPAK BERA,7076711585,,,,12/9/2020 20:29,449,Cash,Completed,
SONAR BANGLA SHOPPING COMPLEX,West Bengal,,SA1207552074277030,S290439092000076,21398,Mi TV 4X 108 cm (43) Black,1,ASHIS SAMANTA,9382387501,ashissamanta0404@gmail.com,,,12/9/2020 19:26,24999,Cash,Completed,
SONAR BANGLA SHOPPING COMPLEX,West Bengal,,SA1207552099821717,S290439092000075,29455,Redmi 9 Sporty Orange 4GB+64GB,1,SN DAS,8918250052,,,,12/9/2020 18:50,8999,Cash,Completed,
SONAR BANGLA SHOPPING COMPLEX,West Bengal,,SA1207562061754502,,29455,Redmi 9 Sporty Orange 4GB+64GB,1,SN DAS,8918250052,,,,12/9/2020 18:49,9299,Wallet,Closed,
SONAR BANGLA SHOPPING COMPLEX,West Bengal,,SA1207552072546820,S290439092000074,28947,Redmi 9A Midnight Black 2GB+32GB,1,MITHUN SINHA,9563933186,,,,12/9/2020 11:25,6799,Cash,Completed,
SONAR BANGLA SHOPPING COMPLEX,West Bengal,,SA1207542072312513,S290439092000073,27308,Redmi 8A Dual Sky White 3GB+64GB,1,SAYAN DEV SINGHA,7063647996,sayandebsingha425@gmail.com,,,12/9/2020 10:37,8999,Cash,Completed,
SONAR BANGLA SHOPPING COMPLEX,West Bengal,,SA1207552072015731,S290439092000072,25265,Redmi Note 8 Space Black 4GB+64GB,1,SIBANI BERA,7430866548,beratapas304@gmail.com,,,12/9/2020 10:20,12499,Cash,Completed,
SONAR BANGLA SHOPPING COMPLEX,West Bengal,,SA1207552074065910,S290439092000071,27386,Redmi Note 9 Pro Max Aurora Blue 8GB+128GB,1,KRISHNENDU BHUNIA,9091516059,,,,12/9/2020 10:06,19999,Cash,Completed,
SONAR BANGLA SHOPPING COMPLEX,West Bengal,,SA1207542072854312,S290439092000070,25740,Mi Step Out Backpack Black,1,S DAS,7718352985,,,,12/9/2020 8:43,299,Cash,Completed,
SONAR BANGLA SHOPPING COMPLEX,West Bengal,,SA1207542071249508,S290439092000069,27386,Redmi Note 9 Pro Max Aurora Blue 8GB+128GB,1,S DAS,7718352985,,,,12/9/2020 8:35,19999,Cash,Completed,
SONAR BANGLA SHOPPING COMPLEX,West Bengal,,SA1207542099062006,S290439092000068,29443,Redmi 8A Dual Sea Blue 2GB+32GB,1,monog,9932878580,,,,11/9/2020 22:31,7499,Cash,Completed,
SONAR BANGLA SHOPPING COMPLEX,West Bengal,,SA1207542071251108,S290439092000067,29443,Redmi 8A Dual Sea Blue 2GB+32GB,1,monog,9932878580,,,,11/9/2020 22:29,7499,Cash,Completed,
SONAR BANGLA SHOPPING COMPLEX,West Bengal,,SA1207542072317313,S290439092000066,27877,Redmi Note 9 Pebble Grey 4GB+128GB,1,tufan da,9732680959,,,,11/9/2020 22:27,13499,Cash,Completed,
SONAR BANGLA SHOPPING COMPLEX,West Bengal,,SA1207542071793005,S290439092000065,27306,Redmi 8A Dual Sea Blue 3GB+64GB,1,DIBYENDU DAS,8001364064,pritamdas5273@gmail.com,,,11/9/2020 22:24,8999,Cash,Completed,
SONAR BANGLA SHOPPING COMPLEX,West Bengal,,SA1207542072174708,S290439092000064,29443,Redmi 8A Dual Sea Blue 2GB+32GB,1,PAYEL DAS,8436094095,pritamdas5273@gmail.com,,,11/9/2020 22:19,7499,Cash,Completed,
SONAR BANGLA SHOPPING COMPLEX,West Bengal,,SA1207542108733532,,29443,Redmi 8A Dual Sea Blue 2GB+32GB,1,PAYEL DAS,8436094095,pritamdas5273@gmail.com,,,11/9/2020 22:17,7499,Wallet,Closed,
SONAR BANGLA SHOPPING COMPLEX,West Bengal,,SA1207552074741618,S290439092000063,29455,Redmi 9 Sporty Orange 4GB+64GB,1,ADWAITYA MAITY,9382447701,adwaityamaity1986@gmail.com,,,11/9/2020 21:08,8999,Cash,Completed,
SONAR BANGLA SHOPPING COMPLEX,West Bengal,,SA1207532095895718,S290439092000062,28947,Redmi 9A Midnight Black 2GB+32GB,1,SANKAR PRASAD MAITY,9733617309,arabindasautya123@gmail.com,,,11/9/2020 11:31,6799,Cash,Completed,
SONAR BANGLA SHOPPING COMPLEX,West Bengal,,SA1207532095110530,S290439092000061,27308,Redmi 8A Dual Sky White 3GB+64GB,1,RAJU,9932888483,,,,10/9/2020 21:18,8999,Cash,Completed,
SONAR BANGLA SHOPPING COMPLEX,West Bengal,,SA1207532095503720,S290439092000060,28947,Redmi 9A Midnight Black 2GB+32GB,1,RAJU,9932888483,,,,10/9/2020 21:16,6799,Cash,Completed,
SONAR BANGLA SHOPPING COMPLEX,West Bengal,,SA1207542072793305,S290439092000059,23148,Mi Neckband Bluetooth Earphones,1,SAMIRAN MAITY,9733688548,,,,10/9/2020 19:54,1599,Cash,Completed,
SONAR BANGLA SHOPPING COMPLEX,West Bengal,,SA1207542072018426,S290439092000058,26287,Redmi Note 8 Cosmic Purple 4GB+64GB,1,GOPAL GHORAI,9735372860,amarbangla.gopal@gmail.com,,,10/9/2020 15:24,12499,Cash,Completed,
SONAR BANGLA SHOPPING COMPLEX,West Bengal,,SA1207522096237713,S290439092000057,27074,Redmi 8A Dual Midnight Grey 3GB+32GB,1,MALAY PAUL,6294781853,dasp4025@gmail.com,,,10/9/2020 14:39,8299,Cash,Completed,
SONAR BANGLA SHOPPING COMPLEX,West Bengal,,SA1207532093793123,S290439092000056,29454,Redmi 9 Sky Blue 4GB+64GB,1,SURAJIT JANA,9733530757,surajitjana258@gmail.com,,,10/9/2020 11:40,8999,Cash,Completed,
SONAR BANGLA SHOPPING COMPLEX,West Bengal,,SA1207522124184311,S290439092000055,28655,Redmi 9 Prime Mint Green 4GB+64GB,1,SUDIP ADHIKARY,9382206588,sudipadhikary536@gmail.com,,,10/9/2020 10:39,9999,Cash,Completed,
SONAR BANGLA SHOPPING COMPLEX,West Bengal,,SA1207532093129631,S290439092000054,28656,Redmi 9 Prime Space Blue 4GB+64GB,1,PRASANNA GARU,8101507797,prasannagaru2@gmail.com,,,10/9/2020 10:25,9999,Cash,Completed,
SONAR BANGLA SHOPPING COMPLEX,West Bengal,,SA1207532130910427,S290439092000053,28656,Redmi 9 Prime Space Blue 4GB+64GB,1,SAMARESH JANA,8337875731,janasamaresh131@gmail.com,,,10/9/2020 10:02,9999,Cash,Completed,
SONAR BANGLA SHOPPING COMPLEX,West Bengal,,SA1207522120805214,S290439092000052,28947,Redmi 9A Midnight Black 2GB+32GB,1,GOURANGA PRAMANIK,8348042352,gourangapramanik91540@gmail.com,,,9/9/2020 19:32,6799,Cash,Completed,
SONAR BANGLA SHOPPING COMPLEX,West Bengal,,SA1207522068090021,S290439092000051,26287,Redmi Note 8 Cosmic Purple 4GB+64GB,1,GURUPADA SAHOO,8768773482,ramanandamaji123@gmail.com,,,9/9/2020 17:38,12499,Cash,Completed,
SONAR BANGLA SHOPPING COMPLEX,West Bengal,,SA1207512091511517,S290439092000050,27384,Redmi Note 9 Pro Max Glacier White 6GB+128GB,1,ARGHA KUNDU,6290289507,anikeshkundu007@gmail.com,,,9/9/2020 13:16,18499,Cash,Completed,
SONAR BANGLA SHOPPING COMPLEX,West Bengal,,SA1207522068919104,S290439092000049,27384,Redmi Note 9 Pro Max Glacier White 6GB+128GB,1,tufan da,9732680959,,,,9/9/2020 12:30,18499,Cash,Completed,
SONAR BANGLA SHOPPING COMPLEX,West Bengal,,SA1207522102209513,S290439092000048,24692,Mi Smart Band 4 Strap ( Compatible with Mi Band 3) Electric Orange,1,SK RAKIB AHMAD,6295112474,,,,8/9/2020 20:06,2548,Cash,Completed,
SONAR BANGLA SHOPPING COMPLEX,West Bengal,,SA1207522096199408,S290439092000047,22351,10000mAh Mi Power Bank 2i Black,1,NILANJAN ROY,8001370227,,,,8/9/2020 19:49,899,Cash,Completed,
SONAR BANGLA SHOPPING COMPLEX,West Bengal,,SA1207522068011514,S290439092000046,25636,Mi USB Cable 120cm Black.,1,SURAJIT DASSURAJIT DAS,9734976534,,,,8/9/2020 19:08,199,Cash,Completed,
SONAR BANGLA SHOPPING COMPLEX,West Bengal,,SA1207512117341422,S290439092000045,28356,Mi USB Type C Cable Black,1,SURAJIT DAS,9734976534,,,,8/9/2020 19:06,199,Cash,Completed,
SONAR BANGLA SHOPPING COMPLEX,West Bengal,,SA1207522120743323,S290439092000044,29342,Redmi 9 Carbon Black 4GB+64GB,1,SUBHA DOGRA,7407411316,ranajitmondal261@gmail.com,,,8/9/2020 19:03,8999,Cash,Completed,
SONAR BANGLA SHOPPING COMPLEX,West Bengal,,SA1207522096358013,S290439092000043,21025,Mi Micro USB Braided Cable 100cm(Black),1,TARUN KUMAR MONDAL,9933099392,,,,8/9/2020 16:35,249,Cash,Completed,
SONAR BANGLA SHOPPING COMPLEX,West Bengal,,SA1207512073570610,S290439092000042,29342,Redmi 9 Carbon Black 4GB+64GB,1,MILAN SAMANTA,9775786267,mr.milansamanta09@gmail.com,,,8/9/2020 16:24,8999,Cash,Completed,
SONAR BANGLA SHOPPING COMPLEX,West Bengal,,SA1207522069696132,S290439092000041,29455,Redmi 9 Sporty Orange 4GB+64GB,1,GANSEH BASULI,7972942189,skmorraj@gmail.com,,,8/9/2020 15:58,8999,Cash,Completed,
SONAR BANGLA SHOPPING COMPLEX,West Bengal,,SA1207522069188628,S290439092000040,21025,Mi Micro USB Braided Cable 100cm(Black),1,DEBASISH DAS,7001078978,,,,8/9/2020 11:13,249,Cash,Completed,
SONAR BANGLA SHOPPING COMPLEX,West Bengal,,SA1207512120673618,S290439092000039,29455,Redmi 9 Sporty Orange 4GB+64GB,1,SAMARESH BARMAN,7585069117,samareshbarman82@gmail.com,,,8/9/2020 10:04,8999,Cash,Completed,
SONAR BANGLA SHOPPING COMPLEX,West Bengal,,SA1207492131534932,S290439092000038,29443,Redmi 8A Dual Sea Blue 2GB+32GB,1,SANU PAL,7001194646,,,,6/9/2020 19:06,7499,Cash,Completed,
SONAR BANGLA SHOPPING COMPLEX,West Bengal,,SA1207492096729018,S290439092000037,29446,Redmi 8A Dual Sky White 2GB+32GB,1,S DAS,7718352985,,,,6/9/2020 19:03,7499,Cash,Completed,
SONAR BANGLA SHOPPING COMPLEX,West Bengal,,SA1207502077731812,S290439092000036,29443,Redmi 8A Dual Sea Blue 2GB+32GB,1,SONU,9091516053,,,,6/9/2020 18:36,7499,Cash,Completed,
SONAR BANGLA SHOPPING COMPLEX,West Bengal,,SA1207482106260729,S290439092000035,29446,Redmi 8A Dual Sky White 2GB+32GB,1,SAMIR,8013188257,,,,6/9/2020 18:34,7499,Cash,Completed,
SONAR BANGLA SHOPPING COMPLEX,West Bengal,,SA1207482062560006,S290439092000034,21025,Mi Micro USB Braided Cable 100cm(Black),1,SUMAN PATRA,7585855801,,,,6/9/2020 18:17,249,Cash,Completed,
SONAR BANGLA SHOPPING COMPLEX,West Bengal,,SA1207492099724120,S290439092000033,27379,Redmi Note 9 Pro Max Interstellar Black 6GB+64GB,1,AMIT KUMAR PRAMANIK,9002899517,amitkp517@gmail.com,,,6/9/2020 14:34,16999,Cash,Completed,
SONAR BANGLA SHOPPING COMPLEX,West Bengal,,SA1207492131297224,S290439092000032,28356,Mi USB Type C Cable Black,1,S DAS,7718352985,,,,6/9/2020 8:16,995,Cash,Completed,
SONAR BANGLA SHOPPING COMPLEX,West Bengal,,SA1207492106975601,S290439092000031,26886,Mi Protective Glass (Redmi Note 8) Clear,1,ASHIS GHORAI,7430092305,,,,5/9/2020 19:08,399,Cash,Completed,
SONAR BANGLA SHOPPING COMPLEX,West Bengal,,SA1207482110424717,S290439092000030,25741,Mi Step Out Backpack Dark Blue,1,SAHUL DAS,8768190502,,,,5/9/2020 18:34,299,Cash,Completed,
SONAR BANGLA SHOPPING COMPLEX,West Bengal,,SA1207492131040614,S290439092000029,28165,Redmi Note 9 Pro Glacier White 4GB+128GB,1,SANTANU DAS,6295576170,dassourav26196@gmail.com,,,5/9/2020 18:23,15999,Cash,Completed,
SONAR BANGLA SHOPPING COMPLEX,West Bengal,,SA1207482092950202,S290439092000028,21025,Mi Micro USB Braided Cable 100cm(Black),1,SUBHAS MONDALL,9647223494,,,,5/9/2020 14:26,249,Cash,Completed,
SONAR BANGLA SHOPPING COMPLEX,West Bengal,,SA1207482110042119,S290439092000027,26970,Redmi 8A Dual Sky White 3GB+32GB,1,MRINMOY SINGHA,7550985127,mrinmoysingha7646@gmail.com,,,5/9/2020 13:22,8299,Cash,Completed,
SONAR BANGLA SHOPPING COMPLEX,West Bengal,,SA1207472069098618,S290439092000026,27386,Redmi Note 9 Pro Max Aurora Blue 8GB+128GB,1,MANIK CHETERJEE,7679123456,,,,5/9/2020 12:36,19999,Cash,Completed,
SONAR BANGLA SHOPPING COMPLEX,West Bengal,,SA1207472092274332,S290439092000025,27262,Redmi Note 9 Pro Aurora Blue 6GB+128GB,1,SAMIR,9832981744,,,,5/9/2020 12:28,16999,Cash,Completed,
SONAR BANGLA SHOPPING COMPLEX,West Bengal,,SA1207482006660507,S290439092000024,23148,Mi Neckband Bluetooth Earphones,1,SANTU KAR,9732749044,,,,4/9/2020 21:15,1599,Cash,Completed,
SONAR BANGLA SHOPPING COMPLEX,West Bengal,,SA1207472085203103,S290439092000023,29443,Redmi 8A Dual Sea Blue 2GB+32GB,1,SANTU KAR,9732749044,pappukar9732@gmail.com,,,4/9/2020 21:01,7499,Cash,Completed,
SONAR BANGLA SHOPPING COMPLEX,West Bengal,,SA1207472063548523,S290439092000022,25077,Mi LED TV 4A Pro 80cm (32) Black,1,ARGHA MONDAL,8388874646,barbimitra577@gmail.com,,,4/9/2020 16:58,12999,Cash,Completed,
SONAR BANGLA SHOPPING COMPLEX,West Bengal,,SA1207482006411012,S290439092000021,26287,Redmi Note 8 Cosmic Purple 4GB+64GB,1,ASHIS GHORAI,7430092305,dasp4025@hmail.com,,,4/9/2020 16:40,12499,AmazonPay,Completed,
SONAR BANGLA SHOPPING COMPLEX,West Bengal,,SA1207452108893602,S290439092000020,27877,Redmi Note 9 Pebble Grey 4GB+128GB,1,GOBINDEA SENAPATI,8170923569,,,,4/9/2020 9:49,13499,Cash,Completed,
SONAR BANGLA SHOPPING COMPLEX,West Bengal,,SA1207462111253517,S290439092000019,23545,Mi Flex Phone Grip and Stand Black,1,PRATIK METYA,7384674565,,,,3/9/2020 20:11,149,Cash,Completed,
SONAR BANGLA SHOPPING COMPLEX,West Bengal,,SA1207462134304407,S290439092000018,23148,Mi Neckband Bluetooth Earphones,1,NABIN BARAN SAMANTA,9733547190,,,,3/9/2020 20:09,1599,Cash,Completed,
SONAR BANGLA SHOPPING COMPLEX,West Bengal,,SA1207472063057725,S290439092000017,27385,Redmi Note 9 Pro Max Interstellar Black 8GB+128GB,1,NABIN BARAN SAMANTA,9733547190,,,,3/9/2020 19:50,19999,Cash,Completed,
SONAR BANGLA SHOPPING COMPLEX,West Bengal,,SA1207472092232724,S290439092000016,26287,Redmi Note 8 Cosmic Purple 4GB+64GB,1,ANANTA PORIA,9434259760,ananta.poria@gmail.com,,,3/9/2020 19:21,12499,Cash,Completed,
SONAR BANGLA SHOPPING COMPLEX,West Bengal,,SA1207472063471421,,23502,Redmi K20 Pro Glacier Blue 6GB+128GB,1,saheb maity,9932314156,,,,3/9/2020 18:43,24999,Wallet,Closed,
SONAR BANGLA SHOPPING COMPLEX,West Bengal,,SA1207472063745728,S290439092000015,29443,Redmi 8A Dual Sea Blue 2GB+32GB,1,tufan da,9732680959,,,,3/9/2020 18:00,7499,Cash,Completed,
SONAR BANGLA SHOPPING COMPLEX,West Bengal,,SA1207472111534927,S290439092000014,29448,Redmi 8A Dual Midnight Grey 2GB+32GB,1,tufan da,9732680959,,,,3/9/2020 17:57,7499,Cash,Completed,
SONAR BANGLA SHOPPING COMPLEX,West Bengal,,SA1207452068595503,S290439092000013,25077,Mi LED TV 4A Pro 80cm (32) Black,1,TARUN BERA,7418355401,jaharkoley@gmail.com,,,3/9/2020 16:11,12999,Cash,Completed,
SONAR BANGLA SHOPPING COMPLEX,West Bengal,,SA1207452118822218,S290439092000012,29443,Redmi 8A Dual Sea Blue 2GB+32GB,1,RAJU,9932888483,,,,2/9/2020 21:34,7499,Cash,Completed,
SONAR BANGLA SHOPPING COMPLEX,West Bengal,,SA1207452108680209,S290439092000011,28659,Redmi 9 Prime Mint Green 4GB+128GB,1,TANUSREEN BERA,8967797655,,,,2/9/2020 21:25,11999,Cash,Completed,
SONAR BANGLA SHOPPING COMPLEX,West Bengal,,SA1207452108686309,S290439092000010,29448,Redmi 8A Dual Midnight Grey 2GB+32GB,1,S N DAS,771835295,,,,2/9/2020 19:19,7499,Cash,Completed,
SONAR BANGLA SHOPPING COMPLEX,West Bengal,,SA1207452117827125,S290439092000009,27878,Redmi Note 9 Scarlet Red 4GB+128GB,1,S DAS,7718352985,,,,2/9/2020 19:17,13499,Cash,Completed,
SONAR BANGLA SHOPPING COMPLEX,West Bengal,,SA1207442087787419,S290439092000008,24693,Mi Smart Band 4 Strap ( Compatible with Mi Band 3) Wine Red,1,suman bera,8372900065,,,,2/9/2020 12:50,249,Cash,Completed,
SONAR BANGLA SHOPPING COMPLEX,West Bengal,,SA1207452062019118,S290439092000007,28659,Redmi 9 Prime Mint Green 4GB+128GB,1,ASHIS KUMAR MANNA,9681462570,ashiskumarmanna@yahoo.co.in,,,1/9/2020 19:17,11999,Cash,Completed,
SONAR BANGLA SHOPPING COMPLEX,West Bengal,,SA1207452108880015,S290439092000006,25636,Mi USB Cable 120cm Black.,1,SWARUP SAMANTA,7000174239,,,,1/9/2020 18:59,199,Cash,Completed,
SONAR BANGLA SHOPPING COMPLEX,West Bengal,,SA1207452068024523,S290439092000005,27074,Redmi 8A Dual Midnight Grey 3GB+32GB,1,subrata ghanta,7319224702,,,,1/9/2020 18:50,8299,Cash,Completed,
SONAR BANGLA SHOPPING COMPLEX,West Bengal,,SA1207452062952220,S290439092000004,28659,Redmi 9 Prime Mint Green 4GB+128GB,1,ANIMESH MAITY,9831346306,,,,1/9/2020 17:56,11999,Cash,Completed,
SONAR BANGLA SHOPPING COMPLEX,West Bengal,,SA1207432076956104,S290439092000003,27877,Redmi Note 9 Pebble Grey 4GB+128GB,1,SOUMIK BANERJEE,9564603968,DASP4025@GMAIL.COM,,,1/9/2020 15:52,13499,Cash,Completed,
SONAR BANGLA SHOPPING COMPLEX,West Bengal,,SA1207442118512101,S290439092000002,25743,Mi Step Out Backpack Royal Blue,1,Avijit Bera,7679758529,,,,1/9/2020 14:51,299,Cash,Completed,
SONAR BANGLA SHOPPING COMPLEX,West Bengal,,SA1207442118513401,S290439092000001,28165,Redmi Note 9 Pro Glacier White 4GB+128GB,1,Avijit Bera,7679758529,avijitbera500@gmail.com,,,1/9/2020 14:33,15999,Cash,Completed,
